EwEVersion,"6.6.8.18072 (compiled 04/11/2022)"
Date,"04/03/2024 13:31:46"
ModelName,EMBENS_SP_DL
EcosimScenario,EMBENS_DL_test_1
TimeSeries,time_series_1991-2021_raja_incl_1991_2018
StartYear,1991

Timestep,"catch (predicted)Sharks_C_rel","catch (observed) Sharks_C_rel","catch (predicted)Rays_C_rel","catch (observed) Rays_C_rel","catch (predicted)Cod.adult_C_rel","catch (observed) Cod.adult_C_rel","catch (predicted)Whiting.adult_C_rel","catch (observed) Whiting.adult_C_rel","catch (predicted)OtherGadoids_C_rel","catch (observed) OtherGadoids_C_rel","catch (predicted)DemersalFish_C_rel","catch (observed) DemersalFish_C_rel","catch (predicted)Herring.adult_C_rel","catch (observed) Herring.adult_C_rel","catch (predicted)Sprat_C_rel","catch (observed) Sprat_C_rel","catch (predicted)Mackerel_C_rel","catch (observed) Mackerel_C_rel","catch (predicted)HorseMackerel_C_rel","catch (observed) HorseMackerel_C_rel","catch (predicted)Sandeels_C_rel","catch (observed) Sandeels_C_rel","catch (predicted)Plaice.adult_C_rel","catch (observed) Plaice.adult_C_rel","catch (predicted)Dab_C_rel","catch (observed) Dab_C_rel","catch (predicted)OtherFlatfish_C_rel","catch (observed) OtherFlatfish_C_rel","catch (predicted)Sole.adult_C_rel","catch (observed) Sole.adult_C_rel","catch (predicted)SeaBass_C_rel","catch (observed) SeaBass_C_rel","catch (predicted)PelagicFish_C_rel","catch (observed) PelagicFish_C_rel","catch (predicted)SquidCuttlefish_C_rel","catch (observed) SquidCuttlefish_C_rel","catch (predicted)LargeCrabsShrimps _C_rel","catch (observed) LargeCrabsShrimps _C_rel","catch (predicted)Crangon.com_C_rel","catch (observed) Crangon.com_C_rel",
1,0.01140726,,0.02895839,,0.1504022,,0.1677615,,0.01379075,,0.1372658,,0.4597045,,0.4196429,,0.1449918,,0.05046276,,3.043586,,0.5222484,,0.06512737,,0.04981643,,0.1499044,,0.0005380146,,0.02278526,,0.003052823,,0.02941998,,0.1251918,,
2,0.0114389,,0.02896918,,0.1501443,,0.1702871,,0.0138794,,0.1369919,,0.4585446,,0.4028711,,0.1522769,,0.05052326,,2.961467,,0.5262873,,0.06534939,,0.05006263,,0.1527597,,0.0005448192,,0.0236923,,0.003086283,,0.02957843,,0.1306246,,
3,0.01144413,,0.0289191,,0.1496364,,0.1718957,,0.01386027,,0.1360519,,0.4603275,,0.393135,,0.1589937,,0.05047234,,2.896086,,0.5239586,,0.06537324,,0.0500835,,0.1523754,,0.0005521372,,0.02475435,,0.003121439,,0.02941086,,0.1288082,,
4,0.0114477,,0.02880961,,0.1491097,,0.1730289,,0.01375669,,0.1346817,,0.4666097,,0.3911883,,0.1653093,,0.0503336,,2.858195,,0.5177398,,0.06525681,,0.0499984,,0.1497377,,0.0005603184,,0.02609033,,0.003170772,,0.02891023,,0.1226346,,
5,0.01145837,,0.02863997,,0.1485899,,0.1738794,,0.01359455,,0.1331522,,0.4779667,,0.3970012,,0.1712575,,0.05012987,,2.854834,,0.5090592,,0.06504232,,0.04987328,,0.1453602,,0.0005694676,,0.0277858,,0.003243871,,0.02807297,,0.1130838,,
6,0.01147791,0.004788848,0.0284094,0.04049628,0.1480203,0.4219308,0.1745171,0.5248695,0.01340729,0.0298115,0.131747,,0.4945519,0.7047389,0.4101841,0.08854177,0.1768296,0.6312006,0.04988638,0.03305814,2.890528,5.274036,0.4988121,1.213824,0.06477077,0.08482019,0.04975299,0.09808062,0.1395277,0.2655052,0.0005794021,0.000909507,0.02990319,0.01841665,0.003348648,0.0009043759,0.02691902,0.05042415,0.1024039,0.1345966,
7,0.01150575,,0.02811804,,0.1473383,,0.1749715,,0.01323344,,0.1306771,,0.5162029,,0.4300396,,0.1819977,,0.04962973,,2.967034,,0.4876045,,0.06448511,,0.04967202,,0.1324461,,0.00058986,,0.03247754,,0.003490927,,0.02550336,,0.09378816,,
8,0.01154093,,0.02776708,,0.1465017,,0.1752664,,0.01311084,,0.1300185,,0.5424249,,0.4555632,,0.1867175,,0.04938569,,3.083278,,0.4758867,,0.06422948,,0.04965448,,0.1250037,,0.000600635,,0.03550876,,0.00367439,,0.02392219,,0.08379988,,
9,0.01158096,,0.02735811,,0.1454913,,0.1754403,,0.01307062,,0.1297045,,0.5723818,,0.485448,,0.1909233,,0.04917726,,3.235544,,0.4649737,,0.06404702,,0.04972509,,0.1191031,,0.0006116448,,0.03895301,,0.00390062,,0.0223099,,0.07400962,,
10,0.01162656,,0.02688958,,0.1443107,,0.1755458,,0.0131319,,0.1293727,,0.6049267,,0.5180905,,0.1945096,,0.04901573,,3.417691,,0.455291,,0.063977,,0.04989623,,0.1146441,,0.0006227644,,0.0427134,,0.004170713,,0.02089116,,0.0668868,,
11,0.01168008,,0.02636402,,0.1430221,,0.1757037,,0.01330329,,0.1288321,,0.6386855,,0.5515831,,0.1973667,,0.04892221,,3.621201,,0.4471677,,0.06405395,,0.05017826,,0.1115448,,0.0006341297,,0.04663979,,0.004484138,,0.01974913,,0.06420776,,
12,0.01174299,,0.02578835,,0.1416988,,0.1760474,,0.01358293,,0.1279193,,0.6721858,,0.5838268,,0.1993589,,0.04892071,,3.835726,,0.4409074,,0.0643056,,0.05057215,,0.1097383,,0.000645793,,0.05053166,,0.004838564,,0.01894725,,0.0676098,,
13,0.01181465,,0.02517745,,0.1362378,,0.1697428,,0.01396061,,0.1264192,,0.8358942,,0.6636867,,0.2151481,,0.04903539,,5.846797,,0.4367782,,0.064752,,0.05106997,,0.1136361,,0.0006661467,,0.05283913,,0.005228653,,0.01854505,,0.07835756,,
14,0.01189402,,0.02459736,,0.1353583,,0.170749,,0.01442096,,0.1242115,,0.8667192,,0.6854175,,0.2158714,,0.04929392,,6.032757,,0.4350456,,0.06540499,,0.05166043,,0.1141939,,0.000677912,,0.0558961,,0.005645904,,0.0185655,,0.09566098,,
15,0.01198273,,0.02405116,,0.1346067,,0.1721068,,0.01494612,,0.1212298,,0.8937616,,0.6994895,,0.2161656,,0.04972393,,6.195694,,0.4359476,,0.06626886,,0.05233337,,0.1164829,,0.0006894695,,0.05819441,,0.006077836,,0.01900613,,0.1166073,,
16,0.01208075,,0.02354231,,0.134039,,0.1738737,,0.01551729,,0.1175045,,0.9162493,,0.7043307,,0.2159455,,0.05034878,,6.322383,,0.4397857,,0.06734064,,0.05308069,,0.1207583,,0.0007007014,,0.05952395,,0.006507637,,0.01985134,,0.1381561,,
17,0.01218706,,0.02307909,,0.1336984,,0.1760769,,0.01611504,,0.1131727,,0.9331983,,0.698899,,0.2151724,,0.05118177,,6.401953,,0.4468665,,0.06861075,,0.05389322,,0.1271078,,0.0007115427,,0.05973449,,0.006914226,,0.02107926,,0.1601747,,
18,0.01230015,0.002873309,0.02268862,0.04850329,0.1336224,0.5214887,0.1787126,0.4549412,0.01671879,0.02535115,0.1084794,,0.9431797,0.8541928,0.6827365,0.2308604,0.2138497,0.1848176,0.05222122,0.03563235,6.426126,9.323357,0.4573363,1.021173,0.07006396,0.0800613,0.05475613,0.09608105,0.1354588,0.2529092,0.0007219743,0.0007098591,0.05875716,0.03362701,0.007273489,0.001567584,0.02266417,0.02438604,0.1827037,0.1432657,
19,0.01241824,,0.02239552,,0.133849,,0.1817495,,0.01730628,,0.1037567,,0.9437108,,0.6560019,,0.2120151,,0.05344826,,6.389133,,0.4711492,,0.07168066,,0.0556504,,0.1456011,,0.0007320413,,0.05662054,,0.007560946,,0.02457623,,0.2078281,,
20,0.01253934,,0.02221891,,0.1344184,,0.1851307,,0.01785359,,0.09938014,,0.9306476,,0.6195186,,0.2097341,,0.05482902,,6.287784,,0.4880555,,0.07343868,,0.05655427,,0.1572204,,0.0007418629,,0.0534577,,0.007755983,,0.02678051,,0.2392774,,
21,0.01266085,,0.02217083,,0.1353576,,0.188773,,0.01833615,,0.09571477,,0.8980498,,0.5748451,,0.2070931,,0.05632029,,6.12192,,0.5076228,,0.07531542,,0.05744532,,0.1699347,,0.0007516176,,0.04949732,,0.00784626,,0.02923675,,0.2791353,,
22,0.01277792,,0.02225604,,0.1366326,,0.1925505,,0.01873021,,0.09306048,,0.8366622,,0.5243123,,0.2041904,,0.05787425,,5.895243,,0.5292755,,0.07728982,,0.05830407,,0.1833346,,0.000761412,,0.04503368,,0.00782999,,0.03190056,,0.3258078,,
23,0.01288038,,0.02247209,,0.138072,,0.1962695,,0.01901441,,0.0915999,,0.7344592,,0.4709129,,0.2011233,,0.05944127,,5.616098,,0.552353,,0.07934402,,0.05911827,,0.1970223,,0.0007709884,,0.04037806,,0.007714326,,0.03472512,,0.371651,,
24,0.01294302,,0.02280035,,0.1392978,,0.1996756,,0.01917134,,0.09134829,,0.6389016,,0.4179575,,0.1979748,,0.06096897,,5.297682,,0.5761677,,0.08146418,,0.05988809,,0.2106461,,0.000779558,,0.03580852,,0.007510726,,0.03766268,,0.4025749,,
25,0.01297622,,0.02322061,,0.1505297,,0.2270095,,0.01918816,,0.09225664,,0.6531785,,0.5602684,,0.2079335,,0.06240039,,2.264258,,0.6001748,,0.08363979,,0.06063065,,0.2416025,,0.0007510253,,0.02918313,,0.007232449,,0.04066505,,0.4077806,,
26,0.01299498,,0.02371268,,0.1514578,,0.229111,,0.01906119,,0.09409624,,0.5816756,,0.4771722,,0.2043535,,0.06367902,,2.173805,,0.6241373,,0.08586589,,0.06138141,,0.2552419,,0.0007562682,,0.02570136,,0.006893823,,0.04368449,,0.3908428,,
27,0.01300805,,0.02425995,,0.1528426,,0.2308329,,0.0187983,,0.09665748,,0.5225105,,0.4143024,,0.2009479,,0.06474974,,2.068332,,0.6468998,,0.08814146,,0.06218643,,0.2679686,,0.0007605228,,0.0226922,,0.0065134,,0.04667616,,0.361742,,
28,0.01301969,,0.02485012,,0.1546979,,0.232263,,0.01842169,,0.09975767,,0.4725119,,0.369757,,0.1977587,,0.06556174,,1.95729,,0.6677267,,0.0904674,,0.06309129,,0.2793871,,0.0007648053,,0.02018893,,0.006117172,,0.04959957,,0.3309474,,
29,0.01303208,,0.0254735,,0.1570537,,0.2336315,,0.01796683,,0.1032294,,0.4297808,,0.3405925,,0.1948211,,0.06606849,,1.851955,,0.6862547,,0.09284423,,0.06413065,,0.2892894,,0.0007703375,,0.01818186,,0.005733443,,0.05241667,,0.3102061,,
30,0.01304655,0.004429684,0.02612294,0.05591715,0.1599311,0.4979273,0.2351833,0.4704321,0.01747795,0.02530564,0.1069155,,0.3933349,0.679612,0.3235822,0.1041987,0.1921767,0.266813,0.0662287,0.08769891,1.762908,19.18782,0.7022778,0.941449,0.0952709,0.09027887,0.06531603,0.1008258,0.297636,0.3263619,0.0007783006,0.0006654929,0.01663094,0.02717906,0.00538602,0.003376336,0.05508782,0.02980915,0.3051432,0.143566,
31,0.01306391,,0.02679566,,0.1633156,,0.2370635,,0.01700195,,0.110718,,0.3627154,,0.3157806,,0.189876,,0.06600915,,1.6981,,0.715833,,0.09774541,,0.06663071,,0.3044284,,0.0007893977,,0.01548054,,0.005091925,,0.05757081,,0.316512,,
32,0.01308238,,0.02748845,,0.1669465,,0.2386776,,0.01658211,,0.1145841,,0.3374857,,0.3147604,,0.1879633,,0.06538781,,1.661997,,0.7270254,,0.1002659,,0.06803103,,0.3098211,,0.0008015899,,0.01465569,,0.004855213,,0.05982213,,0.3270043,,
33,0.01309839,,0.02817965,,0.1704735,,0.2392723,,0.01625122,,0.1183004,,0.3171988,,0.3184573,,0.186456,,0.06435397,,1.654919,,0.7361684,,0.1028317,,0.069484,,0.3141387,,0.0008111211,,0.01406955,,0.004663501,,0.06179013,,0.3226244,,
34,0.01311789,,0.02886203,,0.1748889,,0.2416008,,0.01602662,,0.1216127,,0.3012321,,0.3246905,,0.185399,,0.06293011,,1.671881,,0.7437016,,0.1054472,,0.07101884,,0.3177361,,0.0008205167,,0.01367664,,0.004498353,,0.06338316,,0.3274209,,
35,0.01314702,,0.02954885,,0.1798905,,0.2443755,,0.01591574,,0.1244614,,0.2890131,,0.3318226,,0.1848165,,0.06119004,,1.707054,,0.7499894,,0.1081183,,0.07267279,,0.3209435,,0.0008321364,,0.01344237,,0.004344549,,0.06448598,,0.3137372,,
36,0.01318163,,0.03024112,,0.1849817,,0.2476096,,0.01592382,,0.1271444,,0.2851664,,0.339418,,0.1845937,,0.05925482,,1.758674,,0.7553117,,0.1108477,,0.07446446,,0.3240314,,0.0008461134,,0.01334431,,0.00421115,,0.06505001,,0.2885004,,
37,0.01322156,,0.0309485,,0.1845889,,0.2518747,,0.01604706,,0.1300789,,0.2904131,,0.1863054,,0.1904311,,0.05726826,,1.486705,,0.7599117,,0.1136395,,0.07640857,,0.3625491,,0.0007761971,,0.01336305,,0.004104152,,0.06504287,,0.2625184,,
38,0.01326541,,0.03167774,,0.1896636,,0.2573749,,0.01627453,,0.1336858,,0.302536,,0.1999815,,0.1904815,,0.0553707,,1.555242,,0.7639329,,0.1164933,,0.07849929,,0.3650801,,0.000795559,,0.01347755,,0.004027315,,0.06446422,,0.2459721,,
39,0.01331116,,0.03243624,,0.1946089,,0.264265,,0.0165897,,0.1383309,,0.3179916,,0.212911,,0.1906131,,0.05368062,,1.628425,,0.7673843,,0.1194057,,0.08070783,,0.3685874,,0.0008176793,,0.01366933,,0.003981517,,0.06333638,,0.2437857,,
40,0.01335544,,0.03322991,,0.1994528,,0.2721687,,0.01697301,,0.1442831,,0.3332102,,0.2250585,,0.1907657,,0.05228337,,1.703112,,0.7701694,,0.1223716,,0.082977,,0.3732927,,0.0008412084,,0.01391627,,0.003964582,,0.061712,,0.2559521,,
41,0.0133923,,0.03404911,,0.2034673,,0.2785793,,0.01740288,,0.151531,,0.345447,,0.2363601,,0.1908932,,0.05122197,,1.776119,,0.7719926,,0.1253857,,0.08522485,,0.3793762,,0.0008624804,,0.01417838,,0.003964968,,0.05966545,,0.2571477,,
42,0.0134225,0.004669127,0.03487217,0.05598307,0.2081464,0.379613,0.2881517,0.4459728,0.01785591,0.01993502,0.1597125,,0.3531792,0.7460232,0.24659,0.479295,0.1909773,0.3447087,0.05050087,0.04056396,1.843429,5.270428,0.7732261,0.8636979,0.1284467,0.06522477,0.08744626,0.0974367,0.386852,0.332023,0.0008817887,0.000909507,0.01444161,0.01415576,0.00397147,0.004099837,0.05725785,0.05415927,0.2718849,0.1637002,
43,0.01345635,,0.03571301,,0.2136739,,0.2984473,,0.0183063,,0.168411,,0.3560173,,0.2551797,,0.1910951,,0.05012026,,1.899308,,0.7742192,,0.1315558,,0.08966762,,0.3956285,,0.0009017524,,0.01470278,,0.003967174,,0.05448562,,0.2769244,,
44,0.01349073,,0.03656432,,0.2199296,,0.3092356,,0.01873417,,0.1773847,,0.3545528,,0.2620487,,0.1911943,,0.05006184,,1.941819,,0.7751631,,0.1347081,,0.09188844,,0.4054003,,0.0009218463,,0.0149578,,0.003954828,,0.05155015,,0.2687133,,
45,0.01352531,,0.03742133,,0.2268678,,0.3204821,,0.01912057,,0.1863032,,0.3498636,,0.2671279,,0.1912464,,0.05029418,,1.969364,,0.7762239,,0.1379022,,0.09411833,,0.4156578,,0.000942148,,0.01520297,,0.003936754,,0.04865198,,0.2533153,,
46,0.01355988,,0.03827915,,0.2344223,,0.3321099,,0.01944703,,0.1947841,,0.3431491,,0.270395,,0.1912303,,0.05077858,,1.980888,,0.7774925,,0.1411349,,0.09636153,,0.4257065,,0.0009627073,,0.01543232,,0.003914649,,0.04596915,,0.2406923,,
47,0.01359415,,0.03913285,,0.2423887,,0.3437694,,0.019696,,0.2024127,,0.3355486,,0.2718745,,0.1911325,,0.05147466,,1.975892,,0.7790079,,0.1444006,,0.09860916,,0.4346678,,0.0009833637,,0.01563741,,0.003888353,,0.04362908,,0.235199,,
48,0.01362772,,0.03997924,,0.2503396,,0.3548264,,0.01985199,,0.2087837,,0.3281992,,0.2716504,,0.1909479,,0.05234515,,1.954587,,0.7807462,,0.1476929,,0.100838,,0.4414632,,0.001003829,,0.01580958,,0.003856418,,0.04170158,,0.2401321,,
49,0.01365888,,0.04081091,,0.239926,,0.3310712,,0.01990331,,0.2134151,,0.300673,,0.4020093,,0.1848383,,0.05335443,,3.509558,,0.7826237,,0.151006,,0.1030061,,0.4947974,,0.001122345,,0.0167937,,0.003814563,,0.0402093,,0.2451942,,
50,0.01368594,,0.04161364,,0.2470768,,0.3377359,,0.01984229,,0.215755,,0.2989945,,0.3866413,,0.1845487,,0.05446617,,3.361005,,0.7845962,,0.1543352,,0.1050942,,0.4905387,,0.001138938,,0.01683996,,0.003756415,,0.03913143,,0.2444627,,
51,0.01371209,,0.04238002,,0.2537933,,0.3432539,,0.01966654,,0.2151034,,0.3017157,,0.3720203,,0.1841147,,0.05565111,,3.209424,,0.7866021,,0.1576808,,0.107133,,0.4789928,,0.0011538,,0.01683284,,0.003675641,,0.03840302,,0.2439537,,
52,0.0137405,,0.04311184,,0.2599849,,0.3464887,,0.01938229,,0.2108607,,0.3094043,,0.3583066,,0.1835398,,0.05688824,,3.061928,,0.7885585,,0.161044,,0.1091574,,0.4578304,,0.001168407,,0.01678674,,0.003569957,,0.03796585,,0.2359176,,
53,0.01376945,,0.04380323,,0.2656245,,0.3476125,,0.01900781,,0.2028984,,0.3217391,,0.3459636,,0.1827971,,0.05815168,,2.928538,,0.7903311,,0.1644252,,0.1111914,,0.438879,,0.001183001,,0.01672154,,0.003446548,,0.03780729,,0.2222355,,
54,0.01379843,0.02262731,0.0444528,0.05120524,0.2708074,0.6793486,0.3469805,0.4608366,0.01856846,0.02280238,0.1914101,,0.3378432,0.9529775,0.3353051,0.1744954,0.1818875,0.6128336,0.0594176,0.03465686,2.8168,8.57121,0.7917874,0.9485531,0.1678249,0.05682673,0.1132538,0.1059772,0.4234352,0.3412931,0.001198163,0.001397535,0.01665728,0.02943691,0.003315219,0.005456401,0.03790556,0.05760707,0.2075286,0.2143076,
55,0.01382668,,0.04505837,,0.2756219,,0.3447362,,0.01809395,,0.1770022,,0.3565634,,0.3265224,,0.1808292,,0.06066089,,2.731435,,0.7928019,,0.1712408,,0.1153486,,0.4106425,,0.001213873,,0.01660999,,0.003184578,,0.0382335,,0.1978233,,
56,0.01385198,,0.04561673,,0.2799908,,0.3411427,,0.01761647,,0.1606762,,0.3767379,,0.3199598,,0.1796586,,0.0618551,,2.674514,,0.7932521,,0.1746691,,0.1174605,,0.3998537,,0.001229706,,0.01659085,,0.003061046,,0.03875639,,0.1961579,,
57,0.01387391,,0.04612268,,0.2836818,,0.3357733,,0.0171635,,0.1437,,0.3973407,,0.3155978,,0.1784212,,0.06296824,,2.645202,,0.7930388,,0.1781061,,0.1195567,,0.3905622,,0.00124451,,0.01660406,,0.002947242,,0.03943448,,0.1997024,,
58,0.01389282,,0.04656615,,0.2865931,,0.3288324,,0.0167556,,0.1273366,,0.4174729,,0.3131803,,0.1771657,,0.06396124,,2.640532,,0.7921075,,0.1815497,,0.1216097,,0.3824372,,0.001256784,,0.01664768,,0.002841949,,0.04022423,,0.1996149,,
59,0.0139113,,0.04693414,,0.289241,,0.3222532,,0.01640569,,0.1128437,,0.4363655,,0.3123751,,0.1759478,,0.06478789,,2.656029,,0.7905329,,0.1850023,,0.1236373,,0.3752882,,0.001267198,,0.01672669,,0.002742568,,0.04107682,,0.1988766,,
60,0.01393401,,0.04721814,,0.2915336,,0.3156196,,0.01612118,,0.1009382,,0.4533441,,0.3128292,,0.1748396,,0.06541284,,2.686701,,0.7883484,,0.1884688,,0.1256755,,0.3690306,,0.001277671,,0.01684943,,0.002646341,,0.04194235,,0.19351,,
61,0.01396244,,0.04740517,,0.2994409,,0.2787603,,0.01590966,,0.09166817,,0.2307152,,0.3565941,,0.1683936,,0.06580944,,2.543075,,0.7856013,,0.1919548,,0.1277401,,0.3842337,,0.001761495,,0.01789483,,0.002556496,,0.0428088,,0.1840461,,
62,0.01399774,,0.0474759,,0.3006512,,0.2745476,,0.01577435,,0.08519982,,0.2397871,,0.3552805,,0.1676968,,0.06594952,,2.600821,,0.7823438,,0.1954666,,0.1298368,,0.3779353,,0.00177253,,0.01812335,,0.00247673,,0.04367321,,0.1738695,,
63,0.01403909,,0.04741239,,0.3021217,,0.2709814,,0.01571452,,0.08144778,,0.2468424,,0.3555632,,0.1671475,,0.06581142,,2.666185,,0.7786583,,0.199006,,0.1319748,,0.3723662,,0.001786857,,0.01842254,,0.002413415,,0.04453298,,0.1688481,,
64,0.01408548,,0.04719495,,0.3038781,,0.2679031,,0.01572558,,0.0801245,,0.2516675,,0.357157,,0.1667784,,0.06538206,,2.73686,,0.7746503,,0.202572,,0.1341379,,0.3674125,,0.001803956,,0.01878776,,0.002369304,,0.04537893,,0.1740627,,
65,0.01413519,,0.04680398,,0.3056272,,0.2645389,,0.01580031,,0.08086862,,0.254122,,0.3597728,,0.1666075,,0.06465997,,2.810266,,0.7705712,,0.2061638,,0.1362843,,0.3628968,,0.001822217,,0.01920713,,0.002344357,,0.04619646,,0.1882663,,
66,0.01418592,0.01484543,0.04621988,0.04280283,0.3071589,0.5680564,0.2610162,0.420573,0.01592975,0.02526012,0.0832709,,0.2541974,0.5068725,0.3631276,0.1629923,0.1666308,0.2730447,0.06365748,0.08368857,2.883495,2.671288,0.7662882,0.9024748,0.2097822,0.08985902,0.1383723,0.09672498,0.3586434,0.2929143,0.001839478,0.001064789,0.01966175,0.01816892,0.002335686,0.002863857,0.04696433,0.05530853,0.1999594,0.192935,
67,0.01423725,,0.04542466,,0.3088404,,0.2581925,,0.01610352,,0.08694604,,0.2520557,,0.3669066,,0.166835,,0.06240357,,2.953094,,0.7615831,,0.2134302,,0.1404146,,0.3545602,,0.001856027,,0.0201372,,0.002339426,,0.04765258,,0.2065102,,
68,0.0142905,,0.04440218,,0.310796,,0.2561564,,0.01631095,,0.0916141,,0.2480588,,0.3708082,,0.1672,,0.06094726,,3.015543,,0.7561905,,0.2171136,,0.1424499,,0.3505323,,0.00187406,,0.02062516,,0.002352162,,0.04822764,,0.2071469,,
69,0.01434301,,0.04319394,,0.3127738,,0.2546825,,0.01654272,,0.09715043,,0.2427753,,0.3746633,,0.1676792,,0.05935522,,3.068988,,0.7511652,,0.2208376,,0.1445075,,0.3464119,,0.0018953,,0.02112224,,0.002373852,,0.04867872,,0.2018808,,
70,0.01439378,,0.04205346,,0.3146223,,0.2540359,,0.01679042,,0.1035303,,0.2369281,,0.3784038,,0.1682157,,0.05770423,,3.112925,,0.747376,,0.2246046,,0.1466027,,0.3420753,,0.001921298,,0.0216293,,0.002407416,,0.04901408,,0.1944729,,
71,0.0144434,,0.04098072,,0.3162046,,0.25425,,0.01704537,,0.1107164,,0.2312756,,0.3819982,,0.1687557,,0.05606936,,3.147313,,0.7446666,,0.2284116,,0.1487285,,0.3373739,,0.001951957,,0.02214121,,0.002455523,,0.04924634,,0.1911857,,
72,0.01449185,,0.03997499,,0.3173634,,0.2551802,,0.01729797,,0.1186407,,0.2264903,,0.3854066,,0.1692581,,0.05451707,,3.17184,,0.7428575,,0.2322497,,0.1508523,,0.3321305,,0.00198644,,0.02264775,,0.002518863,,0.04937914,,0.2005338,,
73,0.01453884,,0.03903438,,0.3277475,,0.2338013,,0.01753854,,0.1272071,,0.211822,,0.3059699,,0.1696935,,0.05310145,,3.186166,,0.7417867,,0.2361078,,0.1529068,,0.32167,,0.001892631,,0.0264733,,0.00259638,,0.04940899,,0.2233526,,
74,0.01458304,,0.03815149,,0.3266422,,0.2348781,,0.01775784,,0.1362443,,0.2103625,,0.3149074,,0.1700397,,0.05185949,,3.189946,,0.7412677,,0.2399763,,0.1548129,,0.3150642,,0.001926695,,0.02684769,,0.0026842,,0.04932637,,0.2406528,,
75,0.01462421,,0.0373135,,0.3248871,,0.2361273,,0.01794733,,0.145478,,0.2104184,,0.3227869,,0.170284,,0.05081131,,3.182486,,0.7411932,,0.2438485,,0.1565731,,0.3075515,,0.001958083,,0.02714738,,0.002777505,,0.04911319,,0.2513425,,
76,0.0146661,,0.03652068,,0.3226752,,0.2376118,,0.01809971,,0.1546589,,0.2117814,,0.3294905,,0.1704389,,0.04997016,,3.162555,,0.7415279,,0.2477229,,0.1582371,,0.2991251,,0.001990064,,0.02737055,,0.002871354,,0.04873848,,0.2541012,,
77,0.01470945,,0.03578829,,0.319941,,0.2389763,,0.01821125,,0.1635898,,0.2141495,,0.3350116,,0.1704994,,0.04934302,,3.131662,,0.7421499,,0.2515986,,0.1598441,,0.2904132,,0.002023824,,0.02752075,,0.002965036,,0.04821128,,0.2471851,,
78,0.01475404,0.0118524,0.03513674,0.03420272,0.316707,0.7406079,0.2403464,0.3172798,0.01828097,0.009057234,0.172125,,0.2171905,0.6500301,0.3394156,0.2556879,0.1704594,0.2896078,0.04893116,0.572529,3.092915,5.70512,0.7429912,0.8049899,0.2554734,0.07236309,0.1614253,0.05995322,0.2820784,0.1920761,0.002060406,0.000887324,0.02760886,0.004395364,0.003061033,0.001386709,0.04756502,0.04941854,0.2346427,0.1441477,
79,0.01479906,,0.03458223,,0.3130324,,0.2418346,,0.0183097,,0.1801027,,0.2205902,,0.3428017,,0.1703162,,0.04872952,,3.049924,,0.7439427,,0.2593421,,0.1629934,,0.2749439,,0.00209985,,0.02764171,,0.003162223,,0.04684174,,0.2236482,,
80,0.01484358,,0.03413425,,0.3089618,,0.2433043,,0.01829902,,0.1873166,,0.224093,,0.3452641,,0.1700725,,0.04872845,,3.005764,,0.7448804,,0.2631935,,0.1645338,,0.2694731,,0.002141427,,0.02761889,,0.003270053,,0.04607661,,0.2214833,,
81,0.01488659,,0.03379742,,0.3044991,,0.2444552,,0.0182513,,0.1935316,,0.2275296,,0.3468918,,0.1697353,,0.04891629,,2.962811,,0.7457212,,0.2670136,,0.1659977,,0.2658869,,0.002183699,,0.02753433,,0.00338434,,0.04529588,,0.2316307,,
82,0.01492591,,0.03356912,,0.2995093,,0.2444853,,0.01817016,,0.1984598,,0.2308393,,0.3477887,,0.16931,,0.04927861,,2.922835,,0.7463979,,0.2707888,,0.1673043,,0.2641838,,0.002222791,,0.02736807,,0.003501151,,0.04451921,,0.2398444,,
83,0.01495999,,0.03343364,,0.2941319,,0.2439382,,0.01805997,,0.2016856,,0.2340522,,0.3480539,,0.1687983,,0.04979571,,2.886481,,0.7469704,,0.274509,,0.1684268,,0.2642453,,0.002256009,,0.02710176,,0.003612771,,0.04375535,,0.2425894,,
84,0.01499326,,0.03337572,,0.2886873,,0.2434779,,0.01792442,,0.2027242,,0.2372019,,0.3475488,,0.1682244,,0.05045367,,2.852104,,0.7475881,,0.2781717,,0.1694082,,0.2659116,,0.002286805,,0.02674116,,0.003709396,,0.04298605,,0.2428945,,
85,0.01502793,,0.03337755,,0.3360846,,0.2247259,,0.01776976,,0.2010974,,0.2865762,,0.5421508,,0.1675492,,0.05124136,,3.387384,,0.7483539,,0.2817764,,0.1702719,,0.261582,,0.002256003,,0.02353879,,0.003780521,,0.04221835,,0.234531,,
86,0.01506246,,0.03342504,,0.3252751,,0.2239024,,0.01760597,,0.1967098,,0.2897421,,0.51573,,0.1667479,,0.05214411,,3.329281,,0.7493656,,0.2853263,,0.1710563,,0.2660169,,0.002286599,,0.02318356,,0.003828091,,0.04149467,,0.2199926,,
87,0.01509702,,0.03350926,,0.3153879,,0.2229182,,0.01744121,,0.1896907,,0.2931069,,0.4941893,,0.1658298,,0.05314635,,3.283224,,0.7506846,,0.288818,,0.1717977,,0.2713523,,0.002317786,,0.02278772,,0.00385696,,0.040849,,0.2048155,,
88,0.01513132,,0.0336225,,0.3065481,,0.2218344,,0.0172823,,0.1804103,,0.296612,,0.4769591,,0.16481,,0.05422908,,3.250262,,0.75231,,0.2922446,,0.1725071,,0.2774022,,0.002349304,,0.02236755,,0.003871436,,0.0403079,,0.1949436,,
89,0.01516503,,0.03375869,,0.2988453,,0.2205638,,0.01713385,,0.1694444,,0.3001166,,0.4633631,,0.1637097,,0.05536994,,3.230175,,0.7541907,,0.2955958,,0.173166,,0.2839893,,0.002380375,,0.02193539,,0.003874336,,0.03988407,,0.1935521,,
90,0.01519725,0.01436654,0.03391192,0.04237446,0.292094,0.9310844,0.2187821,0.226279,0.01699835,0.01165152,0.1575316,,0.3034535,0.2054696,0.452741,0.8674921,0.1625523,0.2764885,0.05654205,0.1519319,3.221939,17.44905,0.7562327,0.7714424,0.2988609,0.7100542,0.1737305,0.2286627,0.2909727,0.2375299,0.002408734,0.0009982395,0.02149645,0.02280493,0.003866445,0.001266126,0.03957976,0.04974177,0.1970661,0.1384058,
91,0.01522669,,0.03407215,,0.2859528,,0.2161757,,0.01687628,,0.145404,,0.3063959,,0.4444889,,0.1613575,,0.05771249,,3.223732,,0.7583147,,0.3020317,,0.1741668,,0.2982219,,0.002430891,,0.02104821,,0.003845111,,0.03938628,,0.1957068,,
92,0.01525475,,0.03422635,,0.2807756,,0.2140672,,0.01676633,,0.1336008,,0.3086778,,0.4380338,,0.1601465,,0.05884623,,3.232553,,0.7603908,,0.3051076,,0.1745118,,0.3056341,,0.002447744,,0.02059885,,0.003806765,,0.0392793,,0.1946054,,
93,0.01528563,,0.03436898,,0.2763764,,0.2119863,,0.01666646,,0.1225001,,0.3100047,,0.4328556,,0.1589579,,0.05991985,,3.244661,,0.7624131,,0.3080949,,0.174827,,0.3131258,,0.002462734,,0.02016084,,0.003747774,,0.03922224,,0.1884388,,
94,0.01531914,,0.03449607,,0.2724572,,0.2100377,,0.01657761,,0.1128354,,0.3101149,,0.4287689,,0.1578095,,0.06090437,,3.260097,,0.7643495,,0.3110006,,0.1751626,,0.3206407,,0.002476996,,0.01975608,,0.00367556,,0.03922549,,0.1775861,,
95,0.0153553,,0.03460759,,0.2688217,,0.2084589,,0.01650122,,0.1051385,,0.3087896,,0.4256642,,0.1567249,,0.06177304,,3.279362,,0.7661595,,0.3138321,,0.1755551,,0.3280411,,0.002492449,,0.01940392,,0.003599634,,0.03930264,,0.1654693,,
96,0.0153934,,0.03470348,,0.2653079,,0.2073587,,0.01643887,,0.09965321,,0.3058855,,0.4234763,,0.1557296,,0.06250012,,3.303068,,0.7678119,,0.3165924,,0.1760149,,0.335294,,0.002509701,,0.01911478,,0.003528764,,0.03946564,,0.1579939,,
97,0.01543238,,0.03478293,,0.2680867,,0.2229667,,0.01639143,,0.09629162,,0.2743742,,0.2509121,,0.1649,,0.06306218,,4.710294,,0.7692463,,0.3192796,,0.1765208,,0.3374301,,0.002734684,,0.01755132,,0.003468382,,0.03971547,,0.1598996,,
98,0.01547082,,0.03484561,,0.2635418,,0.2219821,,0.01635949,,0.09481946,,0.2691818,,0.2638308,,0.1638457,,0.06343792,,4.672214,,0.7704111,,0.3218907,,0.1770228,,0.344215,,0.002751773,,0.0174391,,0.003421265,,0.04004495,,0.1715479,,
99,0.01550716,,0.03488808,,0.2586017,,0.2208866,,0.01634299,,0.09487016,,0.2627617,,0.2759514,,0.1629606,,0.06360783,,4.656556,,0.7712741,,0.3244231,,0.1774653,,0.3506058,,0.002765864,,0.0173676,,0.003386656,,0.04043822,,0.1822701,,
100,0.01554123,,0.03490462,,0.2533151,,0.2199825,,0.01634117,,0.09603297,,0.2555507,,0.2872457,,0.1622535,,0.06355643,,4.660616,,0.7718641,,0.3268782,,0.1778568,,0.3565725,,0.002776276,,0.01732654,,0.003361265,,0.04086944,,0.1866155,,
101,0.01557502,,0.03488885,,0.2478207,,0.2197231,,0.0163531,,0.09793621,,0.2481352,,0.2976224,,0.1617312,,0.06327724,,4.680266,,0.7722658,,0.3292645,,0.1782504,,0.3621946,,0.002785532,,0.01731165,,0.003341508,,0.04130675,,0.1857349,,
102,0.01561037,0.00407052,0.03483671,0.03637746,0.2420323,0.5305898,0.2196521,0.1223587,0.01637895,0.002048118,0.1003642,,0.2411452,0.2399225,0.3070095,0.2784704,0.1613934,0.09298279,0.06277512,0.1321106,4.712485,18.67918,0.7725529,0.8065687,0.3315948,0.6410503,0.178697,0.1689806,0.3674839,0.2252643,0.002796416,0.0001774647,0.01732372,0.08572022,0.003327887,0.002381523,0.0417316,0.05002909,0.1787369,0.1940609,
103,0.01564773,,0.0347522,,0.2359242,,0.2199755,,0.0164204,,0.1032952,,0.2351991,,0.3154215,,0.1612306,,0.06206608,,4.756429,,0.7728143,,0.3338805,,0.1792318,,0.3723862,,0.002812359,,0.01737163,,0.003327663,,0.04214962,,0.1689643,,
104,0.01568672,,0.03464033,,0.2294894,,0.2208155,,0.01647887,,0.1067286,,0.2308202,,0.3229204,,0.1612264,,0.06117443,,4.81155,,0.7731155,,0.336128,,0.1798574,,0.376828,,0.00283443,,0.01745827,,0.003348239,,0.04257318,,0.1617115,,
105,0.01572704,,0.0345075,,0.2227372,,0.2220999,,0.01655366,,0.1106316,,0.2283031,,0.3295555,,0.1613612,,0.0601324,,4.875962,,0.7734795,,0.3383337,,0.1805409,,0.3806373,,0.002862556,,0.01757917,,0.003393387,,0.04300412,,0.1658965,,
106,0.01576823,,0.03436244,,0.2156839,,0.2235177,,0.01664253,,0.1149555,,0.2277431,,0.3353709,,0.1616099,,0.0589795,,4.947039,,0.7738557,,0.340489,,0.1812051,,0.383509,,0.002895283,,0.01772468,,0.003463939,,0.04343579,,0.1882066,,
107,0.0158086,,0.03421235,,0.2083608,,0.22451,,0.01674227,,0.1195903,,0.2290581,,0.3404072,,0.1619371,,0.0577589,,5.021781,,0.7741384,,0.3425838,,0.1817327,,0.385069,,0.002927677,,0.01787551,,0.003556635,,0.04385449,,0.2125544,,
108,0.01584678,,0.0340558,,0.2011299,,0.2249753,,0.01684849,,0.1242743,,0.2320013,,0.3446587,,0.1622853,,0.05651272,,5.096326,,0.7742257,,0.3446105,,0.1820832,,0.3848802,,0.002955359,,0.01800826,,0.003663645,,0.04423706,,0.224118,,
109,0.01588523,,0.0338901,,0.1959007,,0.2151376,,0.0169561,,0.1287804,,0.2478564,,0.520832,,0.1725216,,0.05528318,,4.2012,,0.774074,,0.3465704,,0.1823212,,0.3769864,,0.002741866,,0.01439188,,0.003778731,,0.04454629,,0.230975,,
110,0.01592742,,0.03371516,,0.1894248,,0.2163244,,0.01706098,,0.1329687,,0.2531046,,0.5059772,,0.1726228,,0.05411696,,4.299274,,0.7736636,,0.3484723,,0.182509,,0.3721032,,0.002772389,,0.0145362,,0.003897076,,0.0447497,,0.2267215,,
111,0.01597265,,0.03354008,,0.1834515,,0.2174548,,0.0171619,,0.1369049,,0.2589535,,0.4936053,,0.1727055,,0.05305803,,4.381162,,0.7729858,,0.350323,,0.1826942,,0.3637591,,0.002807465,,0.0146546,,0.004022973,,0.04485921,,0.2150282,,
112,0.01602017,,0.03337619,,0.1780253,,0.2187337,,0.01725772,,0.1406858,,0.2650625,,0.4836423,,0.1727529,,0.0521408,,4.446371,,0.7719917,,0.3521264,,0.1828988,,0.351409,,0.002848078,,0.01474932,,0.004161499,,0.04489287,,0.2026957,,
113,0.0160691,,0.03323259,,0.1732507,,0.220189,,0.01734631,,0.1443672,,0.2711598,,0.4758551,,0.1727527,,0.05138871,,4.494452,,0.7707167,,0.3538773,,0.1831092,,0.3410374,,0.002893998,,0.01481792,,0.004314366,,0.0448635,,0.2002082,,
114,0.0161188,0.01101435,0.03311927,0.03931006,0.1693144,0.3955053,0.221727,0.2535605,0.01742464,0.04005208,0.1479859,,0.2770494,0.293562,0.4699173,0.9464159,0.1726995,0.1748142,0.0508162,0.1688675,4.525008,21.63365,0.7690968,0.8717394,0.3555633,0.6673642,0.1832665,0.1743015,0.3332581,0.2621793,0.002944523,0.002373592,0.01485526,0.03105067,0.004482885,0.007054132,0.04477663,0.05789438,0.215093,0.1411266,
115,0.01616776,,0.03304562,,0.1663685,,0.2228955,,0.01748956,,0.1515537,,0.2826297,,0.465486,,0.1725927,,0.05042936,,4.538065,,0.7671654,,0.3571692,,0.1832659,,0.3273302,,0.002996225,,0.01485162,,0.004665695,,0.04463394,,0.2360907,,
116,0.01621288,,0.03301302,,0.1643001,,0.2228611,,0.01753773,,0.1549834,,0.2878386,,0.4622151,,0.1724285,,0.05022357,,4.533818,,0.7648986,,0.3586797,,0.1830353,,0.3226882,,0.003041661,,0.01478831,,0.004854493,,0.04443319,,0.2406391,,
117,0.01625488,,0.03301316,,0.163651,,0.2236089,,0.01756565,,0.158036,,0.2926551,,0.4597035,,0.172201,,0.05018524,,4.511617,,0.7624288,,0.3600887,,0.1826254,,0.3189358,,0.003081865,,0.0146596,,0.005039607,,0.0441597,,0.2454121,,
118,0.01629988,,0.03304418,,0.1643157,,0.224182,,0.01757029,,0.1604531,,0.2970487,,0.4574984,,0.1719258,,0.05030959,,4.46956,,0.7598881,,0.3614015,,0.1820994,,0.3157754,,0.003123501,,0.01446531,,0.00520972,,0.0437781,,0.240095,,
119,0.01634645,,0.03310386,,0.1660014,,0.2246142,,0.01755286,,0.1622561,,0.300997,,0.4555186,,0.1715964,,0.05058473,,4.411842,,0.7573565,,0.3626221,,0.1815141,,0.3129814,,0.003166239,,0.01421671,,0.005365412,,0.04331763,,0.2257677,,
120,0.01639467,,0.03319379,,0.1684031,,0.2250881,,0.01751548,,0.1635044,,0.3044732,,0.4537036,,0.1712127,,0.05099733,,4.343132,,0.7549044,,0.3637568,,0.1809161,,0.3104255,,0.003212071,,0.01392697,,0.005509608,,0.04280809,,0.2079014,,
121,0.01644407,,0.0333118,,0.1313226,,0.1673567,,0.01746095,,0.1641803,,0.2612335,,0.4778953,,0.1853717,,0.05152966,,6.666637,,0.7525771,,0.3648074,,0.1803205,,0.2944176,,0.00327902,,0.01799542,,0.005645105,,0.04228397,,0.1950662,,
122,0.01649397,,0.03345563,,0.1363477,,0.1685388,,0.01739084,,0.1642595,,0.2637663,,0.4731101,,0.1843631,,0.05216193,,6.363214,,0.7504048,,0.365763,,0.1797052,,0.2925353,,0.003330906,,0.01740679,,0.005772793,,0.04176994,,0.1922019,,
123,0.01654291,,0.03362221,,0.1411521,,0.1692046,,0.0173079,,0.1636578,,0.2655689,,0.4689428,,0.1832868,,0.05287485,,6.117814,,0.7483722,,0.3666146,,0.1790144,,0.2903805,,0.003383697,,0.01680864,,0.005892669,,0.0412822,,0.201146,,
124,0.0165878,,0.03380415,,0.1454488,,0.1688025,,0.01721514,,0.1622651,,0.2665262,,0.4653493,,0.1821444,,0.05364662,,5.932312,,0.7464544,,0.3673521,,0.1781697,,0.2879848,,0.003429994,,0.01619599,,0.005998943,,0.04083151,,0.2063807,,
125,0.01662729,,0.03398495,,0.1492993,,0.1680676,,0.01711504,,0.15985,,0.2665209,,0.4622321,,0.1809402,,0.05445076,,5.802522,,0.7446949,,0.3679718,,0.1771803,,0.2853307,,0.00346632,,0.01556801,,0.006082584,,0.04041468,,0.2100369,,
126,0.01666642,0.02262731,0.03415624,0.04333005,0.152814,0.2141762,0.1672246,0.361181,0.01700938,0.04433038,0.1560766,,0.2654249,0.2029154,0.459361,1.027992,0.1796997,0.2164679,0.05527296,0.07092598,5.718327,12.9452,0.7431718,0.883185,0.3684824,0.6620454,0.1761139,0.1765044,0.282451,0.2601979,0.003498983,0.002972535,0.01493269,0.01867853,0.006132174,0.007837924,0.03999806,0.06532872,0.2108056,0.2080966,
127,0.01670631,,0.0343124,,0.1559607,,0.1660736,,0.01690276,,0.1509952,,0.2631535,,0.4567132,,0.1784485,,0.05609959,,5.673613,,0.7419363,,0.3688979,,0.1750448,,0.2794351,,0.003530272,,0.01430758,,0.006149046,,0.03958803,,0.2026809,,
128,0.01674618,,0.03445084,,0.1587444,,0.1647754,,0.01680106,,0.144984,,0.2596886,,0.4543848,,0.1772128,,0.0569144,,5.664325,,0.7410229,,0.3692342,,0.1740371,,0.2762488,,0.003561507,,0.01371228,,0.00614416,,0.03921591,,0.1889473,,
129,0.01678554,,0.03457127,,0.1612122,,0.163504,,0.01670953,,0.1385292,,0.2550946,,0.4524671,,0.176023,,0.05770017,,5.685906,,0.7404518,,0.3695057,,0.1731257,,0.2729131,,0.003594201,,0.01315987,,0.006128873,,0.03891117,,0.1760339,,
130,0.01682369,,0.03467352,,0.1633989,,0.1623083,,0.01663188,,0.1321191,,0.2495356,,0.4510269,,0.1749079,,0.05843823,,5.73329,,0.7402102,,0.369721,,0.1723061,,0.2693793,,0.003628617,,0.01265577,,0.006110836,,0.03869498,,0.1699657,,
131,0.01686003,,0.03475825,,0.1652905,,0.1611084,,0.0165701,,0.1261687,,0.243285,,0.4500965,,0.173891,,0.05910966,,5.801084,,0.7402459,,0.3698827,,0.1715358,,0.2655886,,0.003664444,,0.01220023,,0.006093477,,0.038577,,0.1750619,,
132,0.01689322,,0.03482259,,0.1668022,,0.1596479,,0.01652499,,0.1209271,,0.2367529,,0.4496914,,0.17297,,0.059695,,5.884229,,0.7404993,,0.3699911,,0.1707403,,0.2615153,,0.003698425,,0.01178796,,0.006075404,,0.03855884,,0.1860598,,
133,0.0169219,,0.03486124,,0.2015614,,0.1357075,,0.01649621,,0.1165131,,0.2150753,,0.4617907,,0.1811813,,0.06017375,,4.219936,,0.7409202,,0.3700468,,0.1698758,,0.2452461,,0.003664008,,0.009465496,,0.006054481,,0.03863201,,0.1907397,,
134,0.01694782,,0.03486586,,0.1999913,,0.1348684,,0.01648253,,0.1128544,,0.2098898,,0.4607167,,0.1802151,,0.06052638,,4.390051,,0.7415646,,0.3700634,,0.1689817,,0.241234,,0.003684278,,0.009222826,,0.006026988,,0.03877354,,0.1934239,,
135,0.01697521,,0.03483174,,0.1986545,,0.134149,,0.01648197,,0.1098438,,0.2056025,,0.4600466,,0.1794433,,0.06074454,,4.543915,,0.7424636,,0.370058,,0.1681147,,0.2368327,,0.003703149,,0.008996352,,0.005986801,,0.03894956,,0.189665,,
136,0.01700473,,0.0347571,,0.1976046,,0.1335364,,0.01649514,,0.107638,,0.202503,,0.4597555,,0.178873,,0.06082149,,4.679323,,0.7436214,,0.3700507,,0.1673288,,0.2321054,,0.003723226,,0.008791581,,0.005942519,,0.03916382,,0.1797816,,
137,0.01703696,,0.0346453,,0.1969823,,0.1332286,,0.01652303,,0.1064229,,0.2007394,,0.4598562,,0.1785072,,0.06075487,,4.79544,,0.7450428,,0.37006,,0.1666564,,0.2276248,,0.003748212,,0.008613521,,0.005907211,,0.0394282,,0.1680173,,
138,0.01707181,0.01831734,0.0345007,0.04741592,0.1969214,0.337018,0.1333166,0.3332097,0.01656597,0.04824457,0.1063106,,0.2003433,0.4380263,0.4603577,0.4843436,0.1783457,0.2696009,0.0605456,0.1258648,4.892183,9.011312,0.7467191,0.886737,0.3700969,0.5783449,0.1660976,0.1945684,0.2239254,0.2448658,0.003779379,0.004525352,0.008462502,0.03527616,0.00589252,0.01850956,0.0397533,0.0743074,0.1610985,0.1259463,
139,0.01710916,,0.03432969,,0.1974791,,0.1337676,,0.01662266,,0.1073111,,0.2012608,,0.4612239,,0.1783835,,0.06019938,,4.969424,,0.74858,,0.3701617,,0.165616,,0.2213259,,0.003816867,,0.008334978,,0.005905047,,0.04013837,,0.166059,,
140,0.01714833,,0.03414097,,0.1985552,,0.1343446,,0.01669074,,0.1093704,,0.2033271,,0.4623953,,0.1786088,,0.05972728,,5.027221,,0.7505896,,0.3702479,,0.1651384,,0.219966,,0.003858485,,0.008224594,,0.005946859,,0.04057438,,0.1846945,,
141,0.01718719,,0.03394189,,0.1998437,,0.1348549,,0.01676701,,0.1123507,,0.2063353,,0.4637928,,0.1789991,,0.0591442,,5.065745,,0.7526967,,0.3703465,,0.1645765,,0.2198566,,0.003897407,,0.008120849,,0.006012997,,0.04104498,,0.2010989,,
142,0.01722502,,0.03373433,,0.2012507,,0.1354673,,0.01684721,,0.1160044,,0.210058,,0.4652682,,0.1795198,,0.05846738,,5.084493,,0.7548866,,0.3704515,,0.1639216,,0.2209544,,0.003929943,,0.008013789,,0.006092879,,0.04152365,,0.209536,,
143,0.01726524,,0.03351806,,0.2028236,,0.1365177,,0.01692656,,0.1200533,,0.2142547,,0.4665968,,0.1801354,,0.057722,,5.081833,,0.7572468,,0.3705662,,0.1632217,,0.2231686,,0.003961186,,0.007898142,,0.006174084,,0.04197044,,0.2125311,,
144,0.01731016,,0.03329479,,0.2042582,,0.1376669,,0.017002,,0.1243383,,0.218698,,0.4676444,,0.1808079,,0.05694126,,5.058286,,0.7597734,,0.3707,,0.1625274,,0.226356,,0.0039954,,0.007772855,,0.006251231,,0.04236166,,0.2062477,,
145,0.01735936,,0.03307477,,0.1490955,,0.144799,,0.01707248,,0.1288768,,0.2576166,,0.3963802,,0.1905117,,0.05616193,,4.37314,,0.7625118,,0.3708614,,0.1618827,,0.222957,,0.004748902,,0.007190444,,0.006331012,,0.04270024,,0.1945454,,
146,0.01741202,,0.03286905,,0.1534644,,0.1464955,,0.01713632,,0.1336792,,0.2622281,,0.4046391,,0.1909645,,0.05541792,,4.35832,,0.7654145,,0.3710461,,0.1613019,,0.2278288,,0.004792988,,0.007074587,,0.006420521,,0.04299367,,0.1839915,,
147,0.01746733,,0.03268832,,0.1575735,,0.1483862,,0.01719166,,0.138718,,0.2666332,,0.4117825,,0.1914039,,0.05473826,,4.329528,,0.7684693,,0.3712472,,0.160767,,0.2331019,,0.004845656,,0.006953257,,0.006523129,,0.04324337,,0.1836645,,
148,0.01752438,,0.03254347,,0.1613665,,0.1502257,,0.01723599,,0.1439359,,0.2707153,,0.4178716,,0.1918006,,0.05414696,,4.289329,,0.7715771,,0.37145,,0.1602226,,0.2386333,,0.004905336,,0.006824406,,0.006639341,,0.04344429,,0.2002308,,
149,0.01758087,,0.03244296,,0.1647562,,0.1517048,,0.01726684,,0.1492302,,0.2744086,,0.4229672,,0.1921301,,0.05366137,,4.24039,,0.7747013,,0.3716367,,0.1595771,,0.2442632,,0.004964418,,0.006683566,,0.00676456,,0.04358774,,0.2202733,,
150,0.0176337,0.01508487,0.03238593,0.04392316,0.1676654,0.1719508,0.152383,0.2398257,0.0172816,0.02871917,0.1543851,,0.2776323,0.4845971,0.4271034,0.7720804,0.1923662,0.2643532,0.05328865,0.2479496,4.184834,51.95755,0.7777368,0.7719851,0.3717901,0.5202585,0.1587879,0.1855195,0.2498679,0.283597,0.005011437,0.008030281,0.006523975,0.01205363,0.00688609,0.009465803,0.04366016,0.06956667,0.2261577,0.1693481,
151,0.01768461,,0.03236426,,0.1704261,,0.1534056,,0.01727767,,0.1590678,,0.2803156,,0.4302399,,0.1924868,,0.05302913,,4.123142,,0.7807686,,0.3719042,,0.1579122,,0.2553874,,0.005050778,,0.006345406,,0.006991759,,0.04363494,,0.231654,,
152,0.01773921,,0.03237448,,0.1730928,,0.1540839,,0.01725356,,0.1629769,,0.2823555,,0.4323008,,0.192492,,0.05288865,,4.055034,,0.7837438,,0.3719839,,0.1570115,,0.2608175,,0.005092203,,0.006149809,,0.00707054,,0.04347741,,0.2265339,,
153,0.01779586,,0.03241627,,0.1757174,,0.1544761,,0.01721219,,0.1660733,,0.2836486,,0.4334653,,0.1923819,,0.05286764,,3.985514,,0.7866685,,0.3720346,,0.1561492,,0.2660956,,0.00513637,,0.005945754,,0.007130795,,0.04320991,,0.2129917,,
154,0.01785403,,0.03249195,,0.178405,,0.154732,,0.0171573,,0.1683681,,0.2841004,,0.4339258,,0.1921688,,0.05296255,,3.919192,,0.7894325,,0.3720617,,0.1553652,,0.2711563,,0.005185714,,0.005740451,,0.007181586,,0.04285892,,0.1972024,,
155,0.01791282,,0.0326026,,0.1812463,,0.1549076,,0.01709278,,0.1698867,,0.2836317,,0.4338823,,0.1918692,,0.05316494,,3.859967,,0.7919914,,0.3720643,,0.1546624,,0.2759265,,0.005240028,,0.005538564,,0.007227776,,0.04245266,,0.1883284,,
156,0.01797144,,0.03274892,,0.1840427,,0.154948,,0.01702198,,0.1706429,,0.2821618,,0.4335122,,0.191499,,0.05346335,,3.810363,,0.7941722,,0.372034,,0.1540006,,0.2803769,,0.005298387,,0.005342842,,0.007268439,,0.04201325,,0.1917977,,
157,0.01802842,,0.03292675,,0.1982592,,0.1302668,,0.01694811,,0.1705646,,0.3481931,,0.6192622,,0.1774803,,0.05384369,,3.822883,,0.7958731,,0.3719597,,0.1533021,,0.2796879,,0.005607235,,0.003849528,,0.007297121,,0.04155905,,0.2048758,,
158,0.01808046,,0.03312768,,0.2000051,,0.1296801,,0.01687427,,0.1695679,,0.3426852,,0.5902209,,0.1773515,,0.05428806,,3.793316,,0.7968934,,0.3718328,,0.1525034,,0.283433,,0.005651675,,0.003736138,,0.007308265,,0.04110419,,0.2101081,,
159,0.01812677,,0.03333719,,0.201877,,0.1290551,,0.01680264,,0.16748,,0.3363269,,0.5667737,,0.177121,,0.05477414,,3.774825,,0.7972161,,0.3716502,,0.1516325,,0.2866438,,0.005681089,,0.003623483,,0.007295465,,0.04064991,,0.2128453,,
160,0.01817252,,0.03354882,,0.2040546,,0.1283673,,0.01673449,,0.1640385,,0.3293341,,0.5477269,,0.1768191,,0.0552903,,3.763705,,0.7967551,,0.3714213,,0.1507478,,0.2893248,,0.005705217,,0.003512828,,0.007247615,,0.04017239,,0.2101611,,
161,0.01821814,,0.03375645,,0.2064498,,0.1275225,,0.01667377,,0.1593622,,0.3220421,,0.5322422,,0.1764691,,0.0558238,,3.759866,,0.7954903,,0.3711618,,0.1499125,,0.291472,,0.005726676,,0.003408269,,0.007169971,,0.03969168,,0.1991796,,
162,0.0182636,0.01460599,0.03395811,0.04115528,0.2090052,0.1017753,0.1266598,0.1552846,0.01662498,0.02530564,0.15381,,0.3148851,0.4013757,0.5196629,0.5913222,0.1760928,0.1823578,0.05636137,0.4467047,3.764251,25.69018,0.7933905,0.7048904,0.3708897,0.5108806,0.1491769,0.1892136,0.2930357,0.2930795,0.005749362,0.008119014,0.003314085,0.00203843,0.007075894,0.01413841,0.03924336,0.05864858,0.1839064,0.1504901,
163,0.01830867,,0.03415251,,0.2117035,,0.1259124,,0.01659187,,0.1478408,,0.3082958,,0.5094546,,0.1757149,,0.05688791,,3.777762,,0.7904786,,0.37062,,0.1485641,,0.2939268,,0.005775348,,0.003232766,,0.006980007,,0.03886421,,0.1710502,,
164,0.0183532,,0.03433854,,0.2144973,,0.1253113,,0.01657622,,0.1418807,,0.3026777,,0.5011545,,0.1753596,,0.05738733,,3.800367,,0.7868247,,0.3703597,,0.1480627,,0.2940056,,0.005804967,,0.00316482,,0.006892544,,0.03857912,,0.1667649,,
165,0.01839708,,0.03451643,,0.2172705,,0.1247842,,0.01657809,,0.1362975,,0.298357,,0.4943751,,0.1750496,,0.05784386,,3.831268,,0.7824965,,0.3701084,,0.1476294,,0.2931074,,0.005837127,,0.003109556,,0.0068198,,0.03840098,,0.1756196,,
166,0.01843885,,0.03468488,,0.2197761,,0.1241102,,0.0165963,,0.1313606,,0.2955998,,0.4888051,,0.1748029,,0.05824105,,3.869259,,0.777602,,0.3698626,,0.1471917,,0.2909938,,0.005863788,,0.003064536,,0.006762037,,0.03833367,,0.1877917,,
167,0.01847678,,0.03483708,,0.221741,,0.1231126,,0.01662817,,0.1271429,,0.2944981,,0.4841535,,0.1746274,,0.05856022,,3.912156,,0.7722918,,0.369619,,0.1467141,,0.2874385,,0.005874782,,0.003026081,,0.006711366,,0.03836816,,0.1913794,,
168,0.01851355,,0.0349641,,0.2234434,,0.1226359,,0.01666976,,0.1235035,,0.2949981,,0.4800958,,0.1745241,,0.05878569,,3.956153,,0.7667967,,0.369384,,0.1462378,,0.2822719,,0.005875552,,0.002992541,,0.006657605,,0.03847669,,0.1948141,,
169,0.01855442,,0.0350611,,0.2301293,,0.116427,,0.01671716,,0.120246,,0.3572746,,0.3289617,,0.1431373,,0.05891576,,5.302455,,0.7612748,,0.3691722,,0.1458083,,0.2707255,,0.00639878,,0.002709686,,0.006589471,,0.03862478,,0.1898257,,
170,0.01859852,,0.03512719,,0.2308382,,0.1161403,,0.01676993,,0.1175936,,0.3597909,,0.3432806,,0.1438771,,0.05894885,,5.26862,,0.7558546,,0.3689989,,0.1454709,,0.2646593,,0.006391527,,0.002692246,,0.006518146,,0.03882593,,0.1786597,,
171,0.01864528,,0.03516282,,0.2311248,,0.11605,,0.0168275,,0.1157046,,0.3636511,,0.3563862,,0.1445968,,0.05888624,,5.249884,,0.7506328,,0.3688748,,0.1452457,,0.2604254,,0.006392076,,0.002680793,,0.006455981,,0.03909293,,0.166725,,
172,0.01869394,,0.03516841,,0.2309732,,0.116171,,0.01688828,,0.1146415,,0.3684915,,0.3684065,,0.1452975,,0.05873143,,5.246628,,0.7456564,,0.3688007,,0.1451227,,0.2575223,,0.006401311,,0.002674796,,0.006411969,,0.03943055,,0.1628331,,
173,0.01874396,,0.03514602,,0.2303683,,0.1164483,,0.01694957,,0.1143933,,0.373973,,0.3794006,,0.1459793,,0.05849131,,5.257473,,0.7409243,,0.3687676,,0.1450595,,0.2555349,,0.006418814,,0.002673016,,0.006391359,,0.03983341,,0.173829,,
174,0.01879413,0.02190898,0.03509875,0.03812384,0.229258,0.08288008,0.116663,0.1151464,0.01700825,0.02070875,0.1149048,,0.3798076,0.4119491,0.3893939,0.141424,0.1466417,0.1400481,0.05817567,0.3859403,5.280083,41.45818,0.7363988,0.6669522,0.3687616,0.4683306,0.1449814,0.172607,0.254133,0.263854,0.006439262,0.01069226,0.002673411,0.001252785,0.006395628,0.006511506,0.04028971,0.02758244,0.19484,0.1572452,
175,0.01884075,,0.03502683,,0.2275603,,0.1166399,,0.01706081,,0.1160449,,0.385761,,0.3983841,,0.1472795,,0.05779484,,5.311231,,0.7326339,,0.368768,,0.1448272,,0.2530832,,0.006451036,,0.002672736,,0.006418751,,0.0407813,,0.2076338,,
176,0.01888497,,0.03492643,,0.2254118,,0.1167371,,0.0171032,,0.1175853,,0.3916375,,0.4063058,,0.1478827,,0.05735933,,5.34623,,0.7295313,,0.3687773,,0.144615,,0.2522552,,0.006452193,,0.002668427,,0.006450415,,0.04127923,,0.2134867,,
177,0.01893152,,0.03479562,,0.2228708,,0.1169819,,0.01713146,,0.1193075,,0.3972711,,0.4130321,,0.14845,,0.05688779,,5.379264,,0.7269928,,0.3687903,,0.1443901,,0.2515368,,0.006451526,,0.002659022,,0.006477823,,0.04174218,,0.2114147,,
178,0.0189818,,0.03463584,,0.2198071,,0.1172039,,0.0171448,,0.121185,,0.4025295,,0.4185573,,0.1489828,,0.05640193,,5.408028,,0.7249225,,0.3688147,,0.1441927,,0.2508462,,0.006453651,,0.002645126,,0.00649665,,0.04215518,,0.2008178,,
179,0.01903613,,0.03444931,,0.2164651,,0.1175204,,0.01714448,,0.1231587,,0.4072972,,0.4229673,,0.1494315,,0.05592461,,5.432282,,0.7232248,,0.3688594,,0.1440399,,0.2501044,,0.006466153,,0.002628946,,0.00650505,,0.04252011,,0.1864552,,
180,0.01909374,,0.0342423,,0.2131398,,0.1180235,,0.01713255,,0.1252967,,0.4114951,,0.4264008,,0.1498003,,0.05547563,,5.452662,,0.7218326,,0.3689266,,0.1439449,,0.2492389,,0.006491367,,0.002611273,,0.00651589,,0.04284555,,0.1751744,,
181,0.01915376,,0.03402207,,0.1883143,,0.1361213,,0.01711029,,0.1276103,,0.3589332,,0.5082324,,0.1358874,,0.05507068,,6.559578,,0.7206876,,0.3690077,,0.1438904,,0.2265314,,0.006796354,,0.002300749,,0.006537508,,0.04313303,,0.1755063,,
182,0.01921506,,0.03379902,,0.1870162,,0.136531,,0.01707858,,0.1301098,,0.3623015,,0.5006781,,0.1363747,,0.05472258,,6.487116,,0.7197198,,0.3690846,,0.1438229,,0.2261129,,0.006842617,,0.002287612,,0.006575122,,0.04337919,,0.1940735,,
183,0.01927465,,0.03358202,,0.1858374,,0.1365939,,0.01703858,,0.1327443,,0.364777,,0.4940333,,0.1367723,,0.05443881,,6.428835,,0.7189727,,0.3691407,,0.1436521,,0.2253117,,0.006886324,,0.002272026,,0.006626653,,0.04357697,,0.2130999,,
184,0.01932951,,0.03336993,,0.1848313,,0.1362042,,0.01699095,,0.1353087,,0.3663036,,0.488254,,0.1370782,,0.05421801,,6.38359,,0.7185279,,0.3691622,,0.1433521,,0.2241462,,0.006912641,,0.002251867,,0.006680674,,0.04371139,,0.2217944,,
185,0.01938358,,0.03315786,,0.1843572,,0.1361579,,0.01693571,,0.1374952,,0.3667738,,0.4831367,,0.1372932,,0.05405972,,6.347,,0.7185178,,0.3691491,,0.1429756,,0.2227174,,0.006932467,,0.002226897,,0.006722823,,0.04374488,,0.2286671,,
186,0.01944125,0.02249681,0.03294344,0.03779433,0.1844037,0.08239962,0.1359181,0.1083606,0.01687483,0.01938931,0.1391197,0.08452491,0.3660674,0.3240171,0.4785287,1.074082,0.1374309,0.04103049,0.05396985,0.3212384,6.315981,19.65643,0.7191152,0.639246,0.369112,0.4225893,0.1425799,0.1815108,0.2210571,0.2094486,0.00695636,0.01221845,0.002197896,0.003178181,0.006745195,0.01068701,0.04365031,0.0441222,0.2233344,0.1715418,
187,0.0195009,,0.03273063,,0.1848823,,0.1355713,,0.01681386,,0.1402562,,0.3641244,,0.4745171,,0.1375018,,0.05395048,,6.292615,,0.7203386,,0.3690633,,0.1422201,,0.2191802,,0.006986584,,0.002167634,,0.00675755,,0.04345199,,0.2094288,,
188,0.01956178,,0.03252584,,0.1857069,,0.1352677,,0.01675824,,0.1410161,,0.3609425,,0.4711669,,0.1375203,,0.05400087,,6.278523,,0.722276,,0.3690151,,0.1419286,,0.2171255,,0.007026484,,0.002138175,,0.006770755,,0.04317904,,0.1943637,,
189,0.01962289,,0.03233488,,0.1867583,,0.1350485,,0.01671231,,0.1414969,,0.3565955,,0.4685089,,0.1375006,,0.05411662,,6.274473,,0.7248034,,0.368973,,0.1417063,,0.2148821,,0.007076068,,0.002110511,,0.006793109,,0.04285958,,0.1873131,,
190,0.0196835,,0.03216434,,0.1878969,,0.1348671,,0.01667881,,0.1417742,,0.3512459,,0.4665315,,0.1374568,,0.05429153,,6.280151,,0.7278248,,0.3689347,,0.1415185,,0.2124108,,0.007134839,,0.002084981,,0.006829992,,0.04251486,,0.1946734,,
191,0.01974214,,0.03202124,,0.18895,,0.1345379,,0.01665936,,0.1419121,,0.3451685,,0.4652091,,0.1374018,,0.05451792,,6.294822,,0.7311053,,0.3688941,,0.141296,,0.2096886,,0.007197257,,0.002061167,,0.006883493,,0.04216204,,0.2117337,,
192,0.01979522,,0.03190716,,0.1896608,,0.1336626,,0.01665428,,0.1419013,,0.3387389,,0.4644926,,0.1373435,,0.0547838,,6.317254,,0.7344245,,0.3688437,,0.1409722,,0.2067393,,0.007246224,,0.002037081,,0.006946849,,0.04181347,,0.2186319,,
193,0.01984283,,0.03181617,,0.1753884,,0.1217914,,0.0166622,,0.1416663,,0.2932226,,0.4691106,,0.1516508,,0.05507257,,2.411595,,0.7376575,,0.3687817,,0.1405692,,0.1839549,,0.006706994,,0.001605542,,0.007011293,,0.04146708,,0.2234863,,
194,0.01989233,,0.03174466,,0.1765037,,0.1217113,,0.01668023,,0.1410131,,0.288596,,0.4684292,,0.1513186,,0.05537875,,2.541195,,0.7406322,,0.3687161,,0.1401322,,0.1816656,,0.006745072,,0.001588218,,0.007064844,,0.04109323,,0.2221675,,
195,0.01994405,,0.03169366,,0.1773155,,0.1217187,,0.01670846,,0.1401255,,0.2845287,,0.4679963,,0.1510801,,0.05569558,,2.652847,,0.7433271,,0.3686612,,0.139714,,0.1795081,,0.006784033,,0.001569955,,0.007112571,,0.04071276,,0.2115401,,
196,0.01999816,,0.03166987,,0.1777694,,0.1219516,,0.01674728,,0.1393327,,0.2813259,,0.4678158,,0.1509542,,0.05601636,,2.743713,,0.7456279,,0.368632,,0.1393563,,0.1777837,,0.006828591,,0.00155197,,0.007166229,,0.0403592,,0.1961742,,
197,0.02005459,,0.03168123,,0.1778376,,0.1225327,,0.01679647,,0.1389802,,0.2791657,,0.4678971,,0.1509584,,0.05633309,,2.811607,,0.7474491,,0.3686387,,0.139074,,0.1766821,,0.006881139,,0.001534917,,0.007237277,,0.04006528,,0.1836565,,
198,0.0201132,0.02843618,0.03173568,0.03687172,0.1774977,0.08449704,0.1234705,0.07622553,0.0168543,0.01517474,0.1393394,0.2953726,0.2781272,0.1423437,0.4682176,0.8372517,0.1511069,0.03960378,0.05663732,0.3159425,2.854789,1.454689,0.748756,0.5364379,0.3686822,0.5974224,0.1388482,0.158227,0.1762907,0.2161499,0.006941992,0.01206538,0.00151872,0.0008289614,0.007331999,0.006279383,0.03985109,0.04695875,0.1804631,0.1790099,
199,0.02017364,,0.0318418,,0.1767254,,0.1246516,,0.01691796,,0.140604,,0.2781985,,0.4687345,,0.1514085,,0.05692146,,2.872249,,0.7495523,,0.3687557,,0.138626,,0.1766283,,0.007009509,,0.001502867,,0.00745135,,0.03972437,,0.1910245,,
200,0.02023346,,0.03200398,,0.1754815,,0.1257989,,0.01698402,,0.1428427,,0.2793226,,0.4693997,,0.1518583,,0.05717746,,2.864127,,0.7498164,,0.3688485,,0.1383239,,0.1776577,,0.007071765,,0.001485975,,0.007587183,,0.03968385,,0.2035237,,
201,0.02028985,,0.0322118,,0.1739053,,0.1267635,,0.01704816,,0.1458341,,0.281355,,0.4701172,,0.1524124,,0.05739372,,2.831426,,0.7495686,,0.3689499,,0.1378985,,0.1793074,,0.007114898,,0.00146621,,0.007720403,,0.03971591,,0.2086802,,
202,0.02034616,,0.03245619,,0.172353,,0.1282031,,0.01710543,,0.1492515,,0.2840962,,0.470687,,0.1530449,,0.05756316,,2.775195,,0.7489291,,0.3690591,,0.1373867,,0.1815069,,0.007148087,,0.001442728,,0.007836583,,0.03978603,,0.2139876,,
203,0.02040695,,0.03273426,,0.1708497,,0.1296117,,0.01715218,,0.1528227,,0.2873167,,0.4709389,,0.1537292,,0.05768828,,2.698376,,0.7479885,,0.369183,,0.1368341,,0.1841775,,0.007182683,,0.001415525,,0.007924438,,0.03986379,,0.20975,,
204,0.02047045,,0.03304184,,0.1693836,,0.130983,,0.01718795,,0.1564667,,0.2908138,,0.4709045,,0.1544297,,0.05777146,,2.608572,,0.7468178,,0.3693283,,0.1362897,,0.1872271,,0.007220434,,0.001386023,,0.007988788,,0.03995864,,0.1981671,,
205,0.02053593,,0.03337282,,0.1608536,,0.1321558,,0.01721263,,0.1599506,,0.181915,,0.4485239,,0.1501975,,0.05781594,,4.651441,,0.7454507,,0.3694998,,0.1357831,,0.1865322,,0.007264805,,0.001074238,,0.008033625,,0.04007762,,0.1851719,,
206,0.02060195,,0.0337201,,0.1599671,,0.1331568,,0.01722591,,0.1630295,,0.1851474,,0.4507469,,0.150837,,0.05782503,,4.375579,,0.7438753,,0.3696937,,0.1353208,,0.1901795,,0.007315515,,0.001052268,,0.008061547,,0.04022358,,0.1788307,,
207,0.02066755,,0.03407615,,0.1591695,,0.1338644,,0.01722714,,0.1653825,,0.1880703,,0.4523982,,0.1513299,,0.05780352,,4.154285,,0.7420225,,0.3698993,,0.134881,,0.1938747,,0.007370743,,0.001029979,,0.008072615,,0.04039004,,0.1842342,,
208,0.02073122,,0.0344343,,0.1584756,,0.1340896,,0.01721595,,0.1667251,,0.1906255,,0.4535334,,0.1516599,,0.05775768,,3.992383,,0.7398143,,0.3701014,,0.1344188,,0.1974986,,0.007423962,,0.001007361,,0.008064829,,0.04056711,,0.1982161,,
209,0.02079015,,0.03478489,,0.1578525,,0.1336379,,0.01719223,,0.1667882,,0.192769,,0.4542046,,0.151825,,0.05769246,,3.887769,,0.7371518,,0.3702845,,0.1338945,,0.2009594,,0.007460873,,0.0009840011,,0.008030427,,0.04074213,,0.2052113,,
210,0.02084435,0.01997189,0.03511453,0.03489468,0.1574348,0.1214147,0.133029,0.08308606,0.01715561,0.01363228,0.1652642,0.329627,0.1944497,0.07809507,0.454406,0.2870466,0.151829,0.04186849,0.05761041,0.1641013,3.832796,2.599681,0.7339528,0.5555062,0.370439,0.6078081,0.133336,0.131391,0.2041976,0.2149047,0.007478849,0.01214569,0.000959857,0.003132104,0.007958859,0.005736757,0.0408937,0.04526393,0.2080379,0.1876865,
211,0.02089883,,0.03541825,,0.157275,,0.132297,,0.01710571,,0.1618514,,0.1956049,,0.4540536,,0.1516892,,0.05752185,,3.816369,,0.7301768,,0.3705657,,0.1327974,,0.2071742,,0.007488718,,0.0009352304,,0.007837982,,0.04098556,,0.2044655,,
212,0.0209543,,0.03569113,,0.1572742,,0.131345,,0.01704536,,0.1566222,,0.1961983,,0.4532308,,0.1514271,,0.05743769,,3.830965,,0.7260231,,0.3706708,,0.1323376,,0.2098691,,0.00749453,,0.0009112583,,0.007673653,,0.04101618,,0.1931817,,
213,0.02101088,,0.03593354,,0.1573538,,0.1303213,,0.01697892,,0.1499981,,0.1961932,,0.4520984,,0.1510691,,0.05736754,,3.870672,,0.72168,,0.3707619,,0.1320031,,0.2122491,,0.007503253,,0.0008893239,,0.00748309,,0.04100212,,0.1782222,,
214,0.02106778,,0.03614536,,0.1574236,,0.1293553,,0.01691097,,0.1426188,,0.1955678,,0.4508522,,0.1506432,,0.05731536,,3.930468,,0.717213,,0.3708433,,0.1318128,,0.2142568,,0.007517811,,0.0008703982,,0.007285931,,0.04096869,,0.1658982,,
215,0.02112435,,0.03632642,,0.1573893,,0.1284666,,0.01684472,,0.1351503,,0.1943214,,0.4496525,,0.1501759,,0.05727963,,4.005128,,0.712628,,0.3709106,,0.1317539,,0.2158218,,0.007538853,,0.0008548883,,0.007096439,,0.04093427,,0.1629042,,
216,0.02117983,,0.0364777,,0.1571564,,0.1275342,,0.01678217,,0.12821,,0.1924846,,0.448632,,0.1496935,,0.05725476,,4.089702,,0.7079037,,0.3709541,,0.1317828,,0.2168683,,0.00756459,,0.0008428553,,0.006924415,,0.04091074,,0.1744928,,
217,0.02123173,,0.0365976,,0.1543101,,0.132338,,0.01672465,,0.1222372,,0.1005325,,0.2729771,,0.1346133,,0.05723074,,5.146131,,0.7032418,,0.3709629,,0.1318275,,0.2316584,,0.007260102,,0.0007561318,,0.006772072,,0.04090482,,0.1888007,,
218,0.02127807,,0.03667925,,0.1535781,,0.1307689,,0.01667226,,0.1173994,,0.0995211,,0.2852439,,0.1344847,,0.0571921,,5.192615,,0.6989042,,0.3709292,,0.1318574,,0.2311254,,0.007266556,,0.000750624,,0.00663258,,0.04091241,,0.1937135,,
219,0.02132222,,0.03671379,,0.1526527,,0.129775,,0.01662414,,0.1135613,,0.09825663,,0.2963083,,0.1343467,,0.05712575,,5.245716,,0.6949959,,0.3708577,,0.1319104,,0.2300494,,0.007262656,,0.0007467996,,0.006495419,,0.04090963,,0.1971845,,
220,0.0213696,,0.0366963,,0.1515016,,0.1288322,,0.01658005,,0.1105863,,0.09681436,,0.3060456,,0.1342174,,0.0570315,,5.29997,,0.6915781,,0.3707642,,0.1320296,,0.2284186,,0.007258558,,0.0007445444,,0.006351857,,0.04086965,,0.191389,,
221,0.02141933,,0.03662661,,0.150115,,0.1280957,,0.01654385,,0.1086635,,0.09529752,,0.314495,,0.1341052,,0.05690861,,5.355329,,0.6886953,,0.3706659,,0.1322494,,0.2262247,,0.007260355,,0.000744657,,0.006213879,,0.04081814,,0.1793396,,
222,0.02147089,0.02803032,0.03650489,0.02860112,0.148573,0.1903932,0.1277299,0.1586023,0.01651934,0.02224302,0.1078698,0.1463035,0.09382091,0.1836515,0.3217303,0.3751633,0.1340119,0.1063973,0.05675657,0.1291706,5.412202,1.370997,0.6863638,0.6833411,0.3705781,0.5378804,0.1325811,0.1358366,0.2234667,0.2320599,0.007272735,0.01542879,0.0007475981,0.0008409229,0.006093966,0.005501921,0.04078437,0.02525589,0.1668893,0.2597229,
223,0.02152384,,0.03633297,,0.1469551,,0.1277782,,0.01650879,,0.1081918,,0.09249727,,0.327829,,0.1339505,,0.05657539,,5.470341,,0.6845483,,0.3705063,,0.1330123,,0.2201531,,0.00729686,,0.0007533498,,0.006002294,,0.04078853,,0.1632654,,
224,0.02157804,,0.03611533,,0.1453329,,0.1281881,,0.01651283,,0.1095425,,0.09142877,,0.3328696,,0.1339298,,0.05636667,,5.528874,,0.6831751,,0.3704477,,0.1334992,,0.2163128,,0.007332556,,0.0007617057,,0.005944255,,0.04083975,,0.1763163,,
225,0.02163244,,0.03585828,,0.1437033,,0.1287628,,0.01653102,,0.1117898,,0.09070305,,0.3369419,,0.133955,,0.0561333,,5.586746,,0.6821526,,0.3703953,,0.1339636,,0.2134478,,0.007373478,,0.0007721761,,0.005920265,,0.04093923,,0.1993648,,
226,0.02168452,,0.03556607,,0.1420396,,0.1292304,,0.01656175,,0.1147205,,0.09036835,,0.3401231,,0.1340229,,0.05587696,,5.642426,,0.6814033,,0.3703417,,0.1343423,,0.2115576,,0.00740509,,0.0007837819,,0.005923456,,0.04107961,,0.2121814,,
227,0.0217346,,0.03523732,,0.140452,,0.1300442,,0.01660198,,0.1180128,,0.09043897,,0.3424151,,0.1341195,,0.05559838,,5.693047,,0.6809711,,0.3702852,,0.1346527,,0.2104206,,0.007425168,,0.0007957024,,0.005941976,,0.04123921,,0.2185391,,
228,0.02178806,,0.03486969,,0.1390143,,0.1311268,,0.01664791,,0.1213731,,0.09089099,,0.3437348,,0.1342371,,0.05530769,,5.734347,,0.6809139,,0.3702349,,0.1349359,,0.2098684,,0.007444357,,0.0008073288,,0.005961903,,0.0413795,,0.2163207,,
229,0.02184603,,0.0344662,,0.114714,,0.1323088,,0.0166984,,0.1247336,,0.09939732,,0.3923068,,0.1295075,,0.05501769,,3.339382,,0.6812896,,0.3702048,,0.1352363,,0.2226598,,0.008795195,,0.0008110219,,0.005982878,,0.04149618,,0.2050596,,
230,0.02190915,,0.03403895,,0.1147934,,0.1336221,,0.01675306,,0.1281397,,0.1005397,,0.3884605,,0.1297721,,0.05474319,,3.449172,,0.6821387,,0.3702058,,0.1355878,,0.2225056,,0.008805976,,0.0008224408,,0.006011978,,0.04160003,,0.1899182,,
231,0.02197627,,0.03360456,,0.1149857,,0.1351126,,0.01681176,,0.1316877,,0.1019146,,0.3847816,,0.1300644,,0.05449655,,3.538591,,0.6835036,,0.3702462,,0.1359987,,0.2226412,,0.008833034,,0.0008341778,,0.006057804,,0.04170889,,0.1782267,,
232,0.02204656,,0.03318164,,0.1152784,,0.1367343,,0.01687276,,0.1354447,,0.1034368,,0.3814438,,0.1303872,,0.05428803,,3.605773,,0.6854115,,0.3703214,,0.1364461,,0.2229143,,0.008877235,,0.0008461161,,0.006125142,,0.04183003,,0.178437,,
233,0.02211905,,0.03279151,,0.1156319,,0.1383448,,0.01693345,,0.1394691,,0.1050275,,0.378544,,0.130743,,0.05412677,,3.649351,,0.687894,,0.3704192,,0.1368727,,0.2231915,,0.008936124,,0.0008579444,,0.006216323,,0.04196325,,0.1970566,,
234,0.02219016,0.03959299,0.03245319,0.01993511,0.115955,0.151762,0.1395878,0.1311453,0.01699079,0.01933014,0.1437671,0.1168784,0.106619,0.1362076,0.3761237,1.808605,0.1311305,0.1177962,0.05401845,0.02898549,3.668743,0.5573454,0.6910036,0.7947728,0.3705232,0.5405397,0.1371838,0.1471044,0.2233724,0.2135293,0.008990206,0.01624912,0.0008687358,0.0004897894,0.006326721,0.008443857,0.04210306,0.02843757,0.2155376,0.3000738,
235,0.02225615,,0.03217235,,0.1162063,,0.1403989,,0.01704083,,0.1481762,,0.108152,,0.3741166,,0.131537,,0.05396064,,3.663532,,0.6948326,,0.3706186,,0.1373482,,0.2234011,,0.009018686,,0.0008771942,,0.006442803,,0.04223415,,0.2242999,,
236,0.02232195,,0.03194798,,0.1164879,,0.1415541,,0.01707886,,0.1524228,,0.1095724,,0.3722746,,0.1319471,,0.05395338,,3.632123,,0.6992949,,0.3707037,,0.137412,,0.2232836,,0.009036947,,0.0008827288,,0.006548903,,0.04231639,,0.231903,,
237,0.02239269,,0.03178042,,0.1167451,,0.1425138,,0.01710219,,0.1563303,,0.1108235,,0.3704152,,0.1323528,,0.05400334,,3.574972,,0.7042875,,0.3707864,,0.137427,,0.2230406,,0.009058808,,0.0008851878,,0.006635174,,0.04232097,,0.2267803,,
238,0.02246641,,0.03167345,,0.1169159,,0.1433241,,0.0171118,,0.159921,,0.1118586,,0.368603,,0.1327441,,0.05411335,,3.497807,,0.7097111,,0.3708749,,0.1374447,,0.2226537,,0.009086254,,0.0008853291,,0.006706339,,0.042265,,0.2125573,,
239,0.02254238,,0.03163058,,0.1169681,,0.1441049,,0.01710919,,0.1632116,,0.1126341,,0.3668908,,0.1331101,,0.05428397,,3.407648,,0.7154771,,0.3709762,,0.1374972,,0.2220979,,0.009123677,,0.0008838302,,0.006767814,,0.04216649,,0.1968961,,
240,0.02261946,,0.03165165,,0.1168782,,0.144863,,0.01709576,,0.1661693,,0.1131154,,0.3653177,,0.1334381,,0.05451223,,3.312006,,0.721499,,0.3710908,,0.1375882,,0.2213383,,0.009171012,,0.0008811071,,0.006822903,,0.04204125,,0.1887935,,
241,0.02269681,,0.03173386,,0.09062223,,0.1390038,,0.01707248,,0.168684,,0.1453732,,0.3192366,,0.1337093,,0.05479332,,3.546201,,0.7276908,,0.3712104,,0.1376883,,0.2160566,,0.00853204,,0.0009022686,,0.006872197,,0.04189773,,0.1943502,,
242,0.02277265,,0.0318728,,0.09123041,,0.1394103,,0.01704008,,0.1706218,,0.1448966,,0.3210135,,0.1339082,,0.05512083,,3.43722,,0.7339079,,0.3713194,,0.1377374,,0.2149095,,0.00860089,,0.0008973277,,0.006914694,,0.04174087,,0.2098382,,
243,0.02284267,,0.03205868,,0.09170859,,0.1391421,,0.01699973,,0.1718055,,0.1439832,,0.3224054,,0.1340293,,0.05548428,,3.345128,,0.7399683,,0.3714037,,0.1376782,,0.213478,,0.008651243,,0.0008908997,,0.006943717,,0.04157263,,0.2159943,,
244,0.02290567,,0.03227222,,0.092144,,0.1388553,,0.01695196,,0.1719051,,0.1426294,,0.3233725,,0.1340601,,0.0558674,,3.271687,,0.7457747,,0.3714558,,0.1375342,,0.2118019,,0.008677177,,0.0008827695,,0.00694785,,0.04138298,,0.2195878,,
245,0.02296851,,0.03250386,,0.09260029,,0.1385418,,0.01689663,,0.1705029,,0.1408413,,0.3237634,,0.1340025,,0.05626487,,3.214496,,0.7512401,,0.3714807,,0.1373582,,0.2099351,,0.008694767,,0.0008730419,,0.006911818,,0.0411344,,0.2175182,,
246,0.02303173,0.03418998,0.03274544,0.02230558,0.09305854,0.09679785,0.1380447,0.08374519,0.01683716,0.01230737,0.167535,0.1114198,0.1386624,0.1774173,0.323649,1.143449,0.1338653,0.1007854,0.05667108,0.02754299,3.173986,11.84402,0.7562668,0.7273514,0.3714888,0.4242256,0.1372103,0.153143,0.2079274,0.1972246,0.008708132,0.0135572,0.0008627331,0.000791661,0.006837075,0.002508136,0.04083456,0.02383044,0.2059335,0.2077684,
247,0.02309476,,0.03299359,,0.09350954,,0.1374926,,0.0167784,,0.1632095,,0.1361726,,0.3231984,,0.1336631,,0.05707959,,3.150994,,0.7607661,,0.3714923,,0.1371417,,0.2058158,,0.008722855,,0.0008531666,,0.006735019,,0.0405122,,0.1893819,,
248,0.02315682,,0.03324585,,0.09395523,,0.1370093,,0.0167251,,0.1578788,,0.1334868,,0.3226054,,0.1334143,,0.05748153,,3.145625,,0.7646629,,0.3715003,,0.1371789,,0.2036262,,0.008741995,,0.0008453621,,0.006619263,,0.040201,,0.1750885,,
249,0.02321729,,0.03350006,,0.09440306,,0.136608,,0.01668048,,0.1519367,,0.1307465,,0.3220326,,0.1331382,,0.05786597,,3.156669,,0.7678848,,0.3715132,,0.1373167,,0.2014775,,0.008766181,,0.0008398963,,0.006500384,,0.03992676,,0.1695653,,
250,0.02327573,,0.0337556,,0.09485734,,0.1361982,,0.01664632,,0.1457985,,0.1281096,,0.3216108,,0.1328547,,0.05822093,,3.182036,,0.770368,,0.371525,,0.1375193,,0.199477,,0.008794364,,0.0008370646,,0.006386344,,0.03970677,,0.1777544,,
251,0.02333004,,0.03401032,,0.09529522,,0.1355824,,0.01662335,,0.1398519,,0.1257378,,0.3214486,,0.1325819,,0.05853217,,3.219313,,0.7720741,,0.3715266,,0.1377202,,0.1978229,,0.008814404,,0.0008366597,,0.006279977,,0.03955227,,0.1897458,,
252,0.02337757,,0.0342559,,0.09568603,,0.1344355,,0.01661079,,0.1343153,,0.1237795,,0.3215788,,0.1323305,,0.05878112,,3.265318,,0.7729903,,0.3715097,,0.1378828,,0.1966498,,0.00880858,,0.0008379617,,0.006175538,,0.0394627,,0.192104,,
253,0.02342153,,0.03448416,,0.08915734,,0.1276521,,0.01660634,,0.1292488,,0.2210146,,0.4449005,,0.1221528,,0.05895012,,0.6390566,,0.7732664,,0.3714773,,0.1380495,,0.1844499,,0.009501326,,0.000894781,,0.006065404,,0.03941629,,0.1954854,,
254,0.02346993,,0.03469444,,0.08986012,,0.1272528,,0.01660724,,0.1246038,,0.2183664,,0.4343714,,0.1221982,,0.05903811,,0.6697218,,0.7730201,,0.3714422,,0.1382684,,0.1847763,,0.009455909,,0.0008987305,,0.005939599,,0.03937647,,0.1899022,,
255,0.02352204,,0.0348896,,0.09057935,,0.1269657,,0.01661522,,0.1208984,,0.2171321,,0.4263153,,0.1223093,,0.05904151,,0.6966875,,0.7723477,,0.3714185,,0.1385854,,0.1855964,,0.009412939,,0.0009052167,,0.005812762,,0.03936872,,0.1776502,,
256,0.02357795,,0.03507488,,0.09128494,,0.1269649,,0.01663194,,0.1185585,,0.2172422,,0.4205865,,0.1225061,,0.05895835,,0.7191951,,0.7713301,,0.3714188,,0.139022,,0.1868753,,0.009379589,,0.0009149846,,0.005699411,,0.03941841,,0.1642934,,
257,0.02363736,,0.03525519,,0.09194171,,0.1273112,,0.01665791,,0.1178248,,0.2185582,,0.4169157,,0.1228027,,0.05878819,,0.7366279,,0.7700184,,0.3714463,,0.1395687,,0.1885423,,0.009358075,,0.0009282473,,0.005609144,,0.0395418,,0.1587122,,
258,0.02370009,0.03101617,0.03543666,0.02412379,0.09251407,0.0754149,0.1279649,0.06876048,0.01669226,0.01014683,0.1187715,0.05514262,0.2209064,0.2225083,0.4149584,0.2950064,0.1232064,0.07457976,0.05853387,0.0111326,0.7485055,0.005916155,0.7684832,0.5800037,0.3714955,0.3982826,0.140183,0.12928,0.1905031,0.2137378,0.00934895,0.0112963,0.0009448837,0.0005209319,0.005546819,0.008228614,0.03974262,0.02241684,0.1680405,0.2181303,
259,0.02376495,,0.03562447,,0.09298137,,0.1287746,,0.01673346,,0.12133,,0.2240803,,0.4143659,,0.1237125,,0.0582015,,0.7545958,,0.7667317,,0.3715565,,0.1407874,,0.1926594,,0.009345959,,0.0009644182,,0.005512713,,0.04001608,,0.1889909,,
260,0.02382906,,0.03582011,,0.09332683,,0.1295609,,0.01677923,,0.1253101,,0.2278761,,0.4147909,,0.1243107,,0.05779857,,0.754898,,0.7647611,,0.3716184,,0.1413122,,0.1949281,,0.009332504,,0.0009857479,,0.005501804,,0.04034907,,0.2030394,,
261,0.02389202,,0.03601981,,0.09359014,,0.1305725,,0.01682617,,0.1303862,,0.2320987,,0.4158389,,0.1249796,,0.05733355,,0.7494488,,0.7626562,,0.3716747,,0.141766,,0.197252,,0.0093031,,0.001007768,,0.005503966,,0.0407157,,0.2088969,,
262,0.02395849,,0.03622102,,0.09382442,,0.1319394,,0.01687029,,0.1361809,,0.2365537,,0.4170747,,0.1256906,,0.05682349,,0.7382557,,0.7605108,,0.3717299,,0.1421911,,0.199596,,0.009268832,,0.001029687,,0.005505671,,0.04107518,,0.2077459,,
263,0.02403047,,0.03642171,,0.09403064,,0.1333284,,0.01690974,,0.1424219,,0.2410655,,0.4182366,,0.1264126,,0.05629161,,0.7222117,,0.7583637,,0.3717947,,0.1426313,,0.2019296,,0.009236882,,0.00105128,,0.005501341,,0.04140671,,0.1975048,,
264,0.02410766,,0.03662523,,0.0942184,,0.134814,,0.01694466,,0.148958,,0.2454985,,0.4192289,,0.127115,,0.05576365,,0.7031286,,0.7562301,,0.3718797,,0.1431231,,0.2042117,,0.009217449,,0.00107308,,0.005495442,,0.04171165,,0.1829585,,
265,0.02418737,,0.03682733,,0.09438925,,0.1428127,,0.01697543,,0.1554274,,0.2906044,,0.4514607,,0.1277319,,0.0552609,,4.083567,,0.7541295,,0.3719899,,0.1436746,,0.1934143,,0.0109396,,0.001038814,,0.005492049,,0.04199773,,0.1707239,,
266,0.02426539,,0.03702392,,0.09454266,,0.143907,,0.01700112,,0.1614893,,0.2945271,,0.4488364,,0.1282136,,0.05480133,,3.819887,,0.7524946,,0.3721181,,0.1442664,,0.195734,,0.01090822,,0.001061161,,0.005492381,,0.04226449,,0.1699979,,
267,0.02434192,,0.03721052,,0.09468074,,0.1446433,,0.01702001,,0.16677,,0.2980956,,0.4464776,,0.1285319,,0.05440049,,3.621406,,0.7513111,,0.3722485,,0.1448472,,0.1977915,,0.01089282,,0.001083902,,0.005496952,,0.04250386,,0.1886359,,
268,0.02441455,,0.03738178,,0.09478134,,0.1447736,,0.0170306,,0.170939,,0.301263,,0.4443392,,0.1286792,,0.05407031,,3.489029,,0.7504521,,0.3723626,,0.1453265,,0.1995369,,0.01087314,,0.001106301,,0.005502949,,0.04270694,,0.2098716,,
269,0.02447961,,0.0375252,,0.09482293,,0.1439732,,0.01703112,,0.1736213,,0.3039542,,0.4423503,,0.1286576,,0.05381473,,3.416231,,0.7498052,,0.3724426,,0.1456706,,0.2009428,,0.01082199,,0.001127028,,0.005500767,,0.04286001,,0.2166726,,
270,0.02454093,0.04296315,0.03762756,0.02501609,0.09491792,0.04772443,0.1434478,0.06319696,0.01701924,0.007771927,0.1743629,0.03806896,0.3060684,0.1375239,0.440328,0.6601381,0.1284747,0.1248118,0.05363565,0.008937215,3.390933,10.6412,0.7494215,0.7164958,0.3724846,0.3000941,0.1459419,0.1166929,0.2020136,0.2455833,0.01075253,0.01119603,0.00114575,0.0007078589,0.005478795,0.007572339,0.0429301,0.02950603,0.2230467,0.301664,
271,0.02460651,,0.03768231,,0.09506112,,0.142548,,0.01699363,,0.1727616,,0.3074763,,0.4380687,,0.1281559,,0.05354666,,3.400103,,0.7492852,,0.3724963,,0.146206,,0.2027599,,0.01068212,,0.001162342,,0.005425445,,0.0428758,,0.2167951,,
272,0.02467442,,0.03768663,,0.09521853,,0.1414137,,0.01695837,,0.1689302,,0.3080862,,0.4357313,,0.127729,,0.05355539,,3.437418,,0.7493732,,0.3724869,,0.1465236,,0.2031797,,0.01061571,,0.001178347,,0.005351126,,0.04272193,,0.2015229,,
273,0.02474389,,0.03764055,,0.09536689,,0.1402509,,0.01691813,,0.1632311,,0.3077991,,0.4334901,,0.1272233,,0.05366343,,3.496953,,0.7496533,,0.3724655,,0.1469314,,0.2032638,,0.01055988,,0.001195184,,0.005268466,,0.04250114,,0.1845377,,
274,0.02481385,,0.03754372,,0.09548299,,0.1391393,,0.01687674,,0.1562063,,0.306538,,0.4314975,,0.1266647,,0.05386509,,3.572977,,0.7500663,,0.3724337,,0.1474317,,0.2030082,,0.01051605,,0.001213799,,0.005187782,,0.04224499,,0.1756829,,
275,0.02488375,,0.03739779,,0.09555258,,0.1380742,,0.01683663,,0.1485082,,0.3042621,,0.4298654,,0.1260768,,0.05414905,,3.659957,,0.7505266,,0.3723848,,0.1479888,,0.2023935,,0.01048541,,0.001234858,,0.005116993,,0.04197764,,0.1826721,,
276,0.02495226,,0.03720771,,0.0955535,,0.1369152,,0.01679939,,0.140848,,0.3009869,,0.4286911,,0.1254855,,0.05449929,,3.753114,,0.7509516,,0.3723089,,0.1485289,,0.2013894,,0.01046287,,0.001258668,,0.005062441,,0.0417188,,0.2021278,,
277,0.0250156,,0.03697817,,0.09544431,,0.1482277,,0.01676579,,0.1338671,,0.2967717,,0.2109573,,0.1249216,,0.0548939,,2.349551,,0.7512802,,0.3721955,,0.1489758,,0.1955144,,0.00845019,,0.001366164,,0.005024476,,0.04148287,,0.2126999,,
278,0.02507282,,0.03670662,,0.09526014,,0.1467401,,0.01673509,,0.1278549,,0.2917927,,0.221731,,0.1244,,0.05530478,,2.451006,,0.7515061,,0.3720397,,0.1493417,,0.1939278,,0.008442745,,0.001393932,,0.004997014,,0.04126817,,0.2170118,,
279,0.02513086,,0.03639093,,0.09505504,,0.1458032,,0.0167052,,0.1228029,,0.2863003,,0.2313688,,0.1239376,,0.0557155,,2.540591,,0.7516807,,0.3718507,,0.1496784,,0.1919729,,0.008429017,,0.00142234,,0.004968978,,0.04104154,,0.2163735,,
280,0.02519253,,0.03603268,,0.0948187,,0.1450975,,0.01667705,,0.1189055,,0.2806232,,0.2397382,,0.1235526,,0.05611318,,2.614998,,0.751828,,0.3716457,,0.1500382,,0.1897051,,0.008415816,,0.001451782,,0.004939481,,0.04080304,,0.2053255,,
281,0.02525764,,0.03564308,,0.09455366,,0.1448064,,0.0166539,,0.1164863,,0.2751293,,0.2468039,,0.1232598,,0.05648493,,2.672899,,0.7520001,,0.371444,,0.1504637,,0.1882123,,0.008410926,,0.001483561,,0.004917283,,0.04058313,,0.1889361,,
282,0.02532575,0.04082014,0.03523687,0.02229404,0.09427229,0.06047475,0.1450804,0.06984108,0.01663912,0.006791105,0.1157391,0.1090608,0.2701908,0.1883887,0.2525829,0.08491479,0.1230745,0.08375666,0.05681849,0.01522842,2.713966,0.00472571,0.7522035,0.6746922,0.3712612,0.3014447,0.150971,0.1197427,0.1873191,0.228313,0.008418721,0.01096266,0.001518518,0.001399014,0.004912735,0.007810492,0.04041439,0.03081799,0.1745964,0.3530778,
283,0.02539658,,0.03483022,,0.0939805,,0.1459321,,0.01663462,,0.1166726,,0.2661359,,0.2571152,,0.1230061,,0.05710332,,2.738287,,0.7523986,,0.3711027,,0.1515418,,0.1868662,,0.008441102,,0.001556847,,0.004932515,,0.04031655,,0.1707265,,
284,0.02547001,,0.03444192,,0.09367838,,0.1472661,,0.01664105,,0.1191924,,0.2632466,,0.2604708,,0.1230594,,0.05733176,,2.746512,,0.7525222,,0.3709651,,0.152121,,0.1867124,,0.008478402,,0.001598361,,0.004980885,,0.04029746,,0.1844046,,
285,0.02554356,,0.03409012,,0.09334608,,0.1487953,,0.01665826,,0.1231256,,0.2616625,,0.2627569,,0.1232335,,0.05749745,,2.740038,,0.7525392,,0.3708407,,0.1526107,,0.1867456,,0.008518129,,0.001641852,,0.005057497,,0.04035664,,0.2033972,,
286,0.02561266,,0.03378318,,0.09294781,,0.1499348,,0.01668463,,0.1281446,,0.2614137,,0.2640728,,0.1235143,,0.05759178,,2.720416,,0.7523827,,0.3707204,,0.1529499,,0.1868875,,0.008537224,,0.001684686,,0.005153094,,0.04048186,,0.2095139,,
287,0.02567996,,0.03351888,,0.09258229,,0.1519757,,0.01671711,,0.1337798,,0.2624204,,0.2644372,,0.1238744,,0.05760749,,2.688234,,0.7521235,,0.3706061,,0.1531815,,0.1871038,,0.008543238,,0.001725464,,0.005255774,,0.04063991,,0.2177477,,
288,0.02575474,,0.0332947,,0.09224497,,0.1540665,,0.01675211,,0.1396486,,0.2645129,,0.2638045,,0.1242961,,0.05755341,,2.643402,,0.751781,,0.3705109,,0.1533546,,0.1873725,,0.008553272,,0.001762762,,0.005351578,,0.04078087,,0.2146962,,
289,0.02583393,,0.03311324,,0.0943189,,0.1759561,,0.01679019,,0.1455965,,0.2674651,,0.4681861,,0.1145386,,0.05743753,,2.415698,,0.7513828,,0.3704473,,0.153515,,0.1963417,,0.007896947,,0.001904652,,0.005442315,,0.04091522,,0.2024565,,
290,0.02591593,,0.03297827,,0.09390461,,0.1777038,,0.01683175,,0.1514844,,0.2710289,,0.4482241,,0.1151359,,0.05727085,,2.36905,,0.7509565,,0.3704266,,0.1536945,,0.1964573,,0.007935293,,0.001937878,,0.005531931,,0.04105258,,0.1875907,,
291,0.02599963,,0.03289103,,0.09349418,,0.1792971,,0.01687616,,0.1571474,,0.2749621,,0.4320723,,0.1157126,,0.05706453,,2.323268,,0.7504771,,0.370451,,0.1538976,,0.1965689,,0.007984199,,0.001968939,,0.005623223,,0.04119952,,0.179936,,
292,0.02608403,,0.03285193,,0.09308285,,0.1805737,,0.01692157,,0.1623997,,0.2790452,,0.4195935,,0.1162527,,0.05683107,,2.281598,,0.7499102,,0.3705129,,0.1540944,,0.1966304,,0.00804298,,0.001997618,,0.005716993,,0.0413541,,0.1861428,,
293,0.0261675,,0.03286136,,0.09265427,,0.1812627,,0.01696563,,0.1670602,,0.2830957,,0.4103854,,0.116744,,0.05658432,,2.246376,,0.7492148,,0.3705987,,0.1542206,,0.1965771,,0.008106812,,0.002023369,,0.005812552,,0.04151029,,0.2049405,,
294,0.02624575,0.05113532,0.03291508,0.01769546,0.09216954,0.06406065,0.1810221,0.06689592,0.01700579,0.009556064,0.1709153,0.2843099,0.28697,0.05745309,0.4039204,1.683836,0.1171758,0.09432914,0.05633621,0.003756436,2.218958,9.160879,0.7483634,0.528536,0.3706926,0.2855487,0.154204,0.1204608,0.196371,0.2087787,0.008158156,0.006861898,0.002044447,0.002994722,0.005903651,0.008114361,0.04165965,0.0301058,0.2162482,0.2773727,
295,0.0263169,,0.03299958,,0.09165362,,0.1802832,,0.01703877,,0.1736347,,0.2905535,,0.3995624,,0.1175322,,0.05609361,,2.199045,,0.7473985,,0.3707825,,0.1540588,,0.1960094,,0.008187869,,0.002059216,,0.005979016,,0.04178457,,0.2206717,,
296,0.02638758,,0.03310505,,0.09115569,,0.1794518,,0.01706069,,0.1748145,,0.293749,,0.3965821,,0.1178023,,0.05586946,,2.18418,,0.7463918,,0.3708683,,0.1538441,,0.195511,,0.00820888,,0.00206708,,0.006024038,,0.0418449,,0.2205214,,
297,0.02646076,,0.03322474,,0.09066939,,0.178215,,0.01707057,,0.174253,,0.2964617,,0.394513,,0.117983,,0.05568023,,2.173411,,0.7453997,,0.3709567,,0.153623,,0.1948953,,0.008227807,,0.002069,,0.00603401,,0.04182824,,0.210142,,
298,0.02653582,,0.03335733,,0.09019046,,0.1767671,,0.01707009,,0.1720633,,0.2986156,,0.3931322,,0.1180782,,0.05554051,,2.167337,,0.7444654,,0.3710554,,0.1534526,,0.1941691,,0.008250105,,0.002067507,,0.006017083,,0.04175371,,0.1939641,,
299,0.02661189,,0.03350256,,0.08971602,,0.1753133,,0.01706153,,0.1685218,,0.3001659,,0.3923017,,0.1180962,,0.05545986,,2.166515,,0.7436201,,0.3711687,,0.1533639,,0.1933311,,0.00827909,,0.002064786,,0.00598437,,0.04164723,,0.1790938,,
300,0.02668813,,0.03366011,,0.08924381,,0.1739201,,0.0170464,,0.1639836,,0.3010782,,0.3919088,,0.118047,,0.05544205,,2.170861,,0.7428591,,0.371292,,0.1533531,,0.1923756,,0.008315572,,0.002062207,,0.005944915,,0.04152939,,0.1733806,,
301,0.02676389,,0.03383342,,0.08877128,,0.172592,,0.01702545,,0.1589457,,0.3294747,,0.6507344,,0.1074018,,0.05548596,,0.1569742,,0.7421644,,0.3714133,,0.1533796,,0.2122049,,0.005343614,,0.002325568,,0.005906758,,0.0414142,,0.1827725,,
302,0.0268367,,0.03402445,,0.08827551,,0.1711391,,0.01699935,,0.1538905,,0.3285283,,0.6117412,,0.1074534,,0.05558521,,0.1616969,,0.741514,,0.3715178,,0.1533656,,0.2101728,,0.005407236,,0.002321638,,0.005873957,,0.0413119,,0.197443,,
303,0.0269025,,0.0342293,,0.08772372,,0.1691575,,0.01696806,,0.1492234,,0.3269207,,0.5817021,,0.1074874,,0.05572459,,0.1658813,,0.7408865,,0.3715911,,0.1532629,,0.2081055,,0.005457089,,0.002317064,,0.005842305,,0.04122515,,0.2010529,,
304,0.02696396,,0.03443951,,0.0871995,,0.1680873,,0.01693056,,0.1450707,,0.3246853,,0.5583479,,0.1075125,,0.05588491,,0.169224,,0.7403795,,0.3716305,,0.1531166,,0.2060174,,0.005496738,,0.002311704,,0.005804058,,0.04113635,,0.2056537,,
305,0.02703029,,0.0346555,,0.08670321,,0.1672566,,0.01688571,,0.141408,,0.3218514,,0.5396875,,0.1075438,,0.05606166,,0.1713716,,0.7400624,,0.3716459,,0.1529801,,0.204028,,0.005535377,,0.002305296,,0.005747777,,0.04100714,,0.200759,,
306,0.02709994,0.06438007,0.03487815,0.01819202,0.08621587,0.03328601,0.1667456,0.1239549,0.01683731,0.01411518,0.1386524,0.2927867,0.318518,0.191325,0.5245442,0.9052076,0.107594,0.1258859,0.05624556,0.003624065,0.1723212,0.004653561,0.7399899,0.5031332,0.3716493,0.2682711,0.1529061,0.1179902,0.2021984,0.2110391,0.005575574,0.004967683,0.002300724,0.001285697,0.005682775,0.01272337,0.04086156,0.03454773,0.1879899,0.3030889,
307,0.02717249,,0.03511139,,0.08573479,,0.1667607,,0.01678977,,0.1371332,,0.3148448,,0.5120563,,0.1076752,,0.05642738,,0.1721803,,0.7402038,,0.371653,,0.1529271,,0.2005943,,0.005621714,,0.002300358,,0.005620795,,0.04072699,,0.1731374,,
308,0.02724688,,0.03535723,,0.08525737,,0.167369,,0.01674696,,0.1370012,,0.3110291,,0.5015962,,0.1077949,,0.05659698,,0.1711417,,0.7407157,,0.371663,,0.1530442,,0.1993439,,0.00567502,,0.002305357,,0.005571077,,0.04062702,,0.1647874,,
309,0.02732243,,0.03561746,,0.08478166,,0.1684707,,0.01671146,,0.1382286,,0.3072914,,0.4926889,,0.1079551,,0.05674521,,0.1694331,,0.741501,,0.3716763,,0.1532235,,0.1985131,,0.005735917,,0.002315978,,0.005539009,,0.04057363,,0.1700388,,
310,0.0273978,,0.03589345,,0.08429761,,0.1697363,,0.01668503,,0.1406756,,0.3038631,,0.4849942,,0.108154,,0.05686439,,0.1673134,,0.7425223,,0.3716857,,0.1533952,,0.1981227,,0.005801623,,0.002331705,,0.00552694,,0.04057095,,0.1888341,,
311,0.02746926,,0.03618194,,0.08377854,,0.1708526,,0.01666864,,0.1440854,,0.3009654,,0.4782616,,0.1083847,,0.05694628,,0.165038,,0.743737,,0.3716829,,0.1534792,,0.1981697,,0.005861405,,0.002350487,,0.005531058,,0.04061599,,0.2026983,,
312,0.02753537,,0.03647212,,0.08324479,,0.1719579,,0.01666174,,0.1480428,,0.2987816,,0.4722422,,0.1086309,,0.05698107,,0.1627728,,0.7451522,,0.3716635,,0.1534764,,0.1986466,,0.005909013,,0.002369978,,0.005541492,,0.04069301,,0.2081995,,
313,0.0276019,,0.03675202,,0.09114177,,0.1534847,,0.01666247,,0.1519145,,0.2477629,,0.3201449,,0.1142016,,0.0569663,,3.030159,,0.7468176,,0.371635,,0.1534349,,0.222911,,0.004942777,,0.002252674,,0.00554359,,0.04076556,,0.2087672,,
314,0.02767206,,0.03701339,,0.09029688,,0.154444,,0.01667033,,0.1552814,,0.2479693,,0.3339884,,0.1142898,,0.05690682,,2.892864,,0.7487863,,0.3716131,,0.1534071,,0.2234848,,0.004988581,,0.002270808,,0.00552982,,0.04081569,,0.1995389,,
315,0.02774519,,0.0372517,,0.08946585,,0.155082,,0.01668692,,0.1579069,,0.2487196,,0.3465925,,0.1143125,,0.05681045,,2.792076,,0.7510604,,0.3716124,,0.1534401,,0.2246348,,0.00503879,,0.002289503,,0.005505531,,0.04085514,,0.1849141,,
316,0.02782008,,0.03746296,,0.08864745,,0.1555026,,0.01671371,,0.1596528,,0.2499595,,0.3581301,,0.114269,,0.0566858,,2.730106,,0.7536099,,0.3716435,,0.1535566,,0.2262835,,0.005095433,,0.002309886,,0.005479055,,0.04090262,,0.1715614,,
317,0.02789578,,0.03764375,,0.08784129,,0.1557143,,0.01675042,,0.1604223,,0.2516026,,0.3687,,0.1141648,,0.05654206,,2.704839,,0.756362,,0.371705,,0.1537464,,0.2283277,,0.005159217,,0.002332225,,0.005456463,,0.04096967,,0.1684012,,
318,0.02797165,0.0506708,0.03779289,0.02634631,0.08704559,0.009428651,0.1556597,0.0810271,0.0167955,0.0177936,0.1601902,0.2248989,0.2535485,0.110599,0.3783635,0.1058875,0.1140101,0.120548,0.05638962,0.009203846,2.711523,0.35533,0.7592108,0.4843951,0.3717867,0.1496685,0.1539626,0.1007651,0.2306493,0.2118597,0.005230162,0.004072595,0.002356426,0.00678613,0.005442669,0.006109059,0.04106152,0.03999633,0.1830043,0.2275755,
319,0.02804503,,0.03790922,,0.08624253,,0.1551756,,0.01684665,,0.1589961,,0.255701,,0.3871726,,0.1138167,,0.0562379,,2.744338,,0.7620382,,0.3718739,,0.1541163,,0.2331371,,0.005301726,,0.002381337,,0.005439383,,0.04117973,,0.2032717,,
320,0.02811152,,0.0379859,,0.08540198,,0.153869,,0.01690044,,0.1568541,,0.2579663,,0.395149,,0.1135904,,0.05609119,,2.796719,,0.7647187,,0.3719508,,0.1541552,,0.235712,,0.005361379,,0.002404163,,0.005440621,,0.04131824,,0.2101389,,
321,0.02817358,,0.03801156,,0.08459942,,0.1529963,,0.0169521,,0.1536642,,0.2602461,,0.4022338,,0.1133272,,0.05595032,,2.861043,,0.7672657,,0.372012,,0.1541264,,0.2383281,,0.005411957,,0.002423477,,0.005437062,,0.04145264,,0.2162285,,
322,0.02824099,,0.03797987,,0.08383746,,0.1520037,,0.01699641,,0.1493065,,0.2624286,,0.4082853,,0.1130309,,0.05582898,,2.929165,,0.769686,,0.3720643,,0.154084,,0.2409533,,0.005462394,,0.002437815,,0.005416017,,0.0415386,,0.2116636,,
323,0.02831263,,0.03788775,,0.08309772,,0.1509441,,0.01703279,,0.144212,,0.2644355,,0.4133865,,0.1127098,,0.05573622,,2.997791,,0.7719457,,0.3721155,,0.154082,,0.2435427,,0.005515469,,0.002449373,,0.005384292,,0.04159043,,0.198208,,
324,0.02838835,,0.03773738,,0.08237891,,0.1500521,,0.01706132,,0.1389616,,0.2662035,,0.417661,,0.1123772,,0.05567734,,3.064521,,0.7740079,,0.3721738,,0.154156,,0.2460413,,0.005575972,,0.00246039,,0.00535293,,0.04162914,,0.1823027,,
325,0.0284673,,0.03753172,,0.1039771,,0.1366412,,0.01708182,,0.1341106,,0.3076364,,0.4370024,,0.1120454,,0.05565207,,3.236171,,0.775816,,0.3722399,,0.154309,,0.265545,,0.004998109,,0.00262133,,0.005331608,,0.04167419,,0.1729562,,
326,0.02854911,,0.03727685,,0.1021002,,0.1364998,,0.01709336,,0.1300916,,0.3084265,,0.4383505,,0.1117255,,0.05565674,,3.290944,,0.7772942,,0.3723074,,0.1545077,,0.2670088,,0.005074548,,0.00263328,,0.005327079,,0.041735,,0.1783228,,
327,0.02863274,,0.03698304,,0.1002747,,0.1364378,,0.01709492,,0.1272096,,0.3089586,,0.4394675,,0.1114295,,0.05568603,,3.338742,,0.7783695,,0.3723627,,0.1546786,,0.2682616,,0.005158491,,0.002646353,,0.005343956,,0.04181479,,0.1989567,,
328,0.02871383,,0.03666047,,0.09846381,,0.1361992,,0.01708575,,0.1255907,,0.309229,,0.4404584,,0.1111665,,0.05573121,,3.378358,,0.778983,,0.372391,,0.1547302,,0.2692503,,0.005239235,,0.002658469,,0.005380402,,0.04191146,,0.2136636,,
329,0.02878994,,0.03631214,,0.09669509,,0.1360186,,0.01706467,,0.1250917,,0.309242,,0.4413456,,0.1109339,,0.05577831,,3.408035,,0.7791163,,0.3723819,,0.1546602,,0.2699532,,0.005309423,,0.002666945,,0.005427864,,0.04201039,,0.2202379,,
330,0.02886841,0.05119676,0.03593849,0.02799743,0.09502931,0.009067516,0.1363268,0.08082613,0.01703009,0.01348135,0.125399,0.1384418,0.3089736,0.1348805,0.4420043,0.2470052,0.1107257,0.1349005,0.05582148,0.003118832,3.424439,0.2849855,0.7788298,0.4254685,0.3723394,0.1591239,0.1545189,0.09828247,0.2703722,0.1971952,0.005377346,0.004713309,0.002670046,0.0005868978,0.005474095,0.007558412,0.04207043,0.0382947,0.2227909,0.4261999,
331,0.02895351,,0.03554269,,0.09344285,,0.1367285,,0.01698369,,0.1263809,,0.3084089,,0.442406,,0.1105447,,0.05586109,,3.426538,,0.7781575,,0.3722762,,0.1543608,,0.270522,,0.005448509,,0.002667948,,0.005514818,,0.04207398,,0.2140778,,
332,0.02904409,,0.03513705,,0.09191674,,0.1373244,,0.0169305,,0.1280983,,0.3075606,,0.4426723,,0.1103958,,0.05589748,,3.416616,,0.7771277,,0.3722066,,0.1542349,,0.2704157,,0.00552684,,0.002663348,,0.005557023,,0.04203939,,0.1987675,,
333,0.0291389,,0.03473555,,0.0904475,,0.1382111,,0.016876,,0.1305747,,0.3064609,,0.4429252,,0.1102834,,0.05593043,,3.397796,,0.77578,,0.3721428,,0.1541646,,0.2700358,,0.005614977,,0.002658182,,0.005608931,,0.04198883,,0.1843888,,
334,0.02923668,,0.0343516,,0.08903356,,0.1393578,,0.01682453,,0.1337557,,0.3051557,,0.4432438,,0.1102091,,0.05595911,,3.373073,,0.7741174,,0.3720879,,0.1541399,,0.2693528,,0.005713652,,0.002653102,,0.005676198,,0.04193711,,0.1798299,,
335,0.02933644,,0.03399931,,0.08767249,,0.1406354,,0.01677921,,0.1375418,,0.3037046,,0.4436722,,0.1101724,,0.05598342,,3.345139,,0.7721112,,0.3720373,,0.154113,,0.2683307,,0.005822936,,0.002648129,,0.005762359,,0.04189102,,0.1919196,,
336,0.02943491,,0.03369129,,0.08634382,,0.1417687,,0.01674233,,0.1417942,,0.3021829,,0.4442418,,0.1101708,,0.05600316,,3.316518,,0.7697487,,0.3719824,,0.1539959,,0.2669446,,0.005935666,,0.002642037,,0.005866888,,0.04185298,,0.2102219,,
