Year,Month,scenario,salinity
1993,1,historical,34.03510284
1993,2,historical,34.17738724
1993,3,historical,34.22873306
1993,4,historical,34.22577667
1993,5,historical,34.26962662
1993,6,historical,34.28369141
1993,7,historical,34.27031708
1993,8,historical,34.30866623
1993,9,historical,34.27224731
1993,10,historical,34.10914612
1993,11,historical,34.01493073
1993,12,historical,33.89778519
1994,1,historical,33.59997559
1994,2,historical,33.658638
1994,3,historical,33.88850021
1994,4,historical,33.69305038
1994,5,historical,33.63783264
1994,6,historical,33.71754456
1994,7,historical,33.73474884
1994,8,historical,33.84863663
1994,9,historical,33.97430038
1994,10,historical,33.97280502
1994,11,historical,34.02967834
1994,12,historical,34.01016617
1995,1,historical,33.8312149
1995,2,historical,33.59519196
1995,3,historical,33.73513412
1995,4,historical,33.54699326
1995,5,historical,33.50559235
1995,6,historical,33.36201859
1995,7,historical,33.42502213
1995,8,historical,33.47072983
1995,9,historical,33.57783508
1995,10,historical,33.65922928
1995,11,historical,33.84951019
1995,12,historical,33.91909409
1996,1,historical,33.89339066
1996,2,historical,34.00012207
1996,3,historical,34.0649147
1996,4,historical,34.13711929
1996,5,historical,34.11873627
1996,6,historical,34.03769302
1996,7,historical,34.01594925
1996,8,historical,34.05588531
1996,9,historical,34.03133011
1996,10,historical,34.09740448
1996,11,historical,34.1283226
1996,12,historical,33.95823288
1997,1,historical,33.90837097
1997,2,historical,33.9315567
1997,3,historical,33.87866211
1997,4,historical,33.93441772
1997,5,historical,34.01461411
1997,6,historical,34.055244450000004
1997,7,historical,33.89349365
1997,8,historical,33.88487244
1997,9,historical,33.99922943
1997,10,historical,34.0630722
1997,11,historical,34.13584518
1997,12,historical,34.16733551
1998,1,historical,34.09864426
1998,2,historical,34.11320877
1998,3,historical,34.05569077
1998,4,historical,34.02495193
1998,5,historical,34.0048027
1998,6,historical,34.04520035
1998,7,historical,34.10194397
1998,8,historical,34.16366959
1998,9,historical,34.09835815
1998,10,historical,34.07688904
1998,11,historical,33.7979126
1998,12,historical,33.83863449
1999,1,historical,33.95677185
1999,2,historical,33.9222374
1999,3,historical,33.57247543
1999,4,historical,33.76971817
1999,5,historical,33.78264618
1999,6,historical,33.76535416
1999,7,historical,33.78912354
1999,8,historical,33.87605286
1999,9,historical,33.98737717
1999,10,historical,34.0982666
1999,11,historical,34.10119247
1999,12,historical,34.0382309
2000,1,historical,33.82469559
2000,2,historical,33.93315506
2000,3,historical,33.76912689
2000,4,historical,33.70808792
2000,5,historical,33.72618484
2000,6,historical,33.8119545
2000,7,historical,33.76086044
2000,8,historical,33.72042084
2000,9,historical,33.78920364
2000,10,historical,33.86749268
2000,11,historical,33.89374924
2000,12,historical,33.93636703
2001,1,historical,33.86354065
2001,2,historical,33.6280098
2001,3,historical,33.45728683
2001,4,historical,33.20751953
2001,5,historical,33.16411972
2001,6,historical,33.30596542
2001,7,historical,33.43336105
2001,8,historical,33.59800339
2001,9,historical,33.63177109
2001,10,historical,33.61291504
2001,11,historical,33.68806839
2001,12,historical,33.5359726
2002,1,historical,33.51272964
2002,2,historical,33.48214722
2002,3,historical,33.33031464
2002,4,historical,33.35798645
2002,5,historical,33.5458107
2002,6,historical,33.7075386
2002,7,historical,33.82643127
2002,8,historical,33.81051636
2002,9,historical,33.89489746
2002,10,historical,33.9300499
2002,11,historical,33.70886612
2002,12,historical,33.74666977
2003,1,historical,33.43157578
2003,2,historical,33.32706833
2003,3,historical,33.54818344
2003,4,historical,33.63260269
2003,5,historical,33.78284073
2003,6,historical,33.8603363
2003,7,historical,33.91962433
2003,8,historical,34.05791473
2003,9,historical,34.23373032
2003,10,historical,34.30402756
2003,11,historical,34.31523895
2003,12,historical,34.2169075
2004,1,historical,33.93339157
2004,2,historical,33.733146669999996
2004,3,historical,33.75580215
2004,4,historical,33.83773422
2004,5,historical,33.85136032
2004,6,historical,33.90872955
2004,7,historical,33.94543076
2004,8,historical,33.93529129
2004,9,historical,34.03391647
2004,10,historical,34.14590836
2004,11,historical,34.12244797
2004,12,historical,34.05579376
2005,1,historical,34.12356949
2005,2,historical,34.01002884
2005,3,historical,33.97642899
2005,4,historical,33.88002014
2005,5,historical,33.86997223
2005,6,historical,33.90979767
2005,7,historical,33.88289642
2005,8,historical,33.94938278
2005,9,historical,33.96038437
2005,10,historical,34.01538086
2005,11,historical,34.134758
2005,12,historical,34.12889862
2006,1,historical,34.08085251
2006,2,historical,34.10144424
2006,3,historical,33.98751068
2006,4,historical,33.7386055
2006,5,historical,33.78433609
2006,6,historical,33.76623535
2006,7,historical,33.92495346
2006,8,historical,34.06190872
2006,9,historical,34.03528976
2006,10,historical,34.05191803
2006,11,historical,34.12975311
2006,12,historical,34.17272186
2007,1,historical,34.15790176
2007,2,historical,34.07720947
2007,3,historical,33.97577667
2007,4,historical,33.96805573
2007,5,historical,34.00613785
2007,6,historical,33.90481567
2007,7,historical,33.83797836
2007,8,historical,33.71976471
2007,9,historical,33.74966812
2007,10,historical,33.68618393
2007,11,historical,33.72105789
2007,12,historical,33.56658173
2008,1,historical,33.73688507
2008,2,historical,33.87597656
2008,3,historical,33.861763
2008,4,historical,33.64220428
2008,5,historical,33.67543793
2008,6,historical,33.70875168
2008,7,historical,33.89048767
2008,8,historical,33.99121857
2008,9,historical,34.07050705
2008,10,historical,34.07233047
2008,11,historical,34.01875305
2008,12,historical,33.88898849
2009,1,historical,33.85286331
2009,2,historical,34.02393723
2009,3,historical,33.93728256
2009,4,historical,33.76734543
2009,5,historical,33.92619705
2009,6,historical,33.93210602
2009,7,historical,33.98246002
2009,8,historical,34.03930664
2009,9,historical,34.18598938
2009,10,historical,34.21039581
2009,11,historical,34.24460983
2009,12,historical,34.11381912
2010,1,historical,33.92617035
2010,2,historical,33.97938156
2010,3,historical,33.79838562
2010,4,historical,33.7132225
2010,5,historical,33.69129944
2010,6,historical,33.6163826
2010,7,historical,33.70638657
2010,8,historical,33.71920776
2010,9,historical,33.6145401
2010,10,historical,33.67527008
2010,11,historical,33.69871902
2010,12,historical,33.57967377
2011,1,historical,33.36258698
2011,2,historical,33.59116745
2011,3,historical,33.73878098
2011,4,historical,33.84534454
2011,5,historical,33.92700577
2011,6,historical,34.02513885
2011,7,historical,34.0197258
2011,8,historical,34.10179138
2011,9,historical,34.24666977
2011,10,historical,34.28435516
2011,11,historical,34.27913284
2011,12,historical,34.26934433
2012,1,historical,33.93061447
2012,2,historical,34.07781219
2012,3,historical,34.11362076
2012,4,historical,34.13116837
2012,5,historical,34.0589447
2012,6,historical,34.0552597
2012,7,historical,34.12777328
2012,8,historical,34.17350769
2012,9,historical,34.2065239
2012,10,historical,34.13845062
2012,11,historical,34.09526062
2012,12,historical,33.94028091
2013,1,historical,33.73493958
2013,2,historical,33.65112686
2013,3,historical,33.64539719
2013,4,historical,33.60507584
2013,5,historical,33.67703629
2013,6,historical,33.53787994
2013,7,historical,33.58231354
2013,8,historical,33.90142059
2013,9,historical,33.93712997
2013,10,historical,33.94895935
2013,11,historical,33.85710144
2013,12,historical,33.83602524
2014,1,historical,33.87217331
2014,2,historical,34.10965347
2014,3,historical,34.05726624
2014,4,historical,34.02768326
2014,5,historical,34.01904678
2014,6,historical,33.95305252
2014,7,historical,33.96963501
2014,8,historical,33.98146439
2014,9,historical,33.912323
2014,10,historical,33.96401596
2014,11,historical,33.99917221
2014,12,historical,33.99377441
2015,1,historical,33.90838242
2015,2,historical,33.87868118
2015,3,historical,33.821205140000004
2015,4,historical,33.8143425
2015,5,historical,33.84262466
2015,6,historical,33.90811157
2015,7,historical,33.99456406
2015,8,historical,34.21383286
2015,9,historical,34.19638062
2015,10,historical,34.14949799
2015,11,historical,34.12865829
2015,12,historical,34.11592484
2016,1,historical,34.20467758
2016,2,historical,34.0900383
2016,3,historical,33.72941208
2016,4,historical,33.72870255
2016,5,historical,33.7182312
2016,6,historical,33.54338455
2016,7,historical,33.63026047
2016,8,historical,33.89799118
2016,9,historical,34.00292206
2016,10,historical,34.07542419
2016,11,historical,34.05097961
2016,12,historical,34.00718307
2017,1,historical,33.94907761
2017,2,historical,34.1309433
2017,3,historical,33.98443222
2017,4,historical,33.95826721
2017,5,historical,33.94105911
2017,6,historical,33.98548889
2017,7,historical,34.01952362
2017,8,historical,34.06674576
2017,9,historical,34.06679535
2017,10,historical,34.12308884
2017,11,historical,34.09166718
2017,12,historical,33.84513092
2018,1,historical,33.75610733
2018,2,historical,33.98226166
2018,3,historical,33.92332458
2018,4,historical,33.8603096
2018,5,historical,33.84715271
2018,6,historical,33.82545853
2018,7,historical,33.83116531
2018,8,historical,33.84457397
2018,9,historical,33.88285446
2018,10,historical,33.91949081
2018,11,historical,33.89732742
2018,12,historical,33.88503647
2019,1,historical,33.72206497
2019,2,historical,33.79511261
2019,3,historical,33.87441635
2019,4,historical,33.78391266
2019,5,historical,33.79017258
2019,6,historical,33.73550415
2019,7,historical,33.73243713
2019,8,historical,33.84910583
2019,9,historical,33.99364853
2019,10,historical,33.99730301
2019,11,historical,34.03919983
2019,12,historical,34.0008316
2020,1,historical,33.99918747
2020,2,historical,33.9899559
2020,3,historical,33.95956802
2020,4,historical,33.81564331
2020,5,historical,33.78932571
2020,6,historical,33.73145294
2020,7,historical,33.84706497
2020,8,historical,33.93202209
2020,9,historical,34.02961349
2020,10,historical,33.95061111
2020,11,historical,34.03924942
2020,12,historical,33.98915863
2021,1,historical,33.78896332
2021,2,historical,33.7494545
2021,3,historical,33.64413452
2021,4,historical,33.50961304
2021,5,historical,33.5662117
2021,6,historical,33.47018433
2021,7,historical,33.4588089
2021,8,historical,33.57165527
2021,9,historical,33.54184341
2021,10,historical,33.71350479
2021,11,historical,33.73913193
2021,12,historical,33.6013031
2022,1,historical,33.50384903
2022,2,historical,33.56588364
2022,3,historical,33.46378326
2022,4,historical,33.483284
2022,5,historical,33.52275467
2022,6,historical,33.49473953
2022,7,historical,33.51947403
2022,8,historical,33.55525208
2022,9,historical,33.59014893
2022,10,historical,33.65771866
2022,11,historical,33.81826019
2022,12,historical,33.85604095
2023,1,historical,33.88248444
2023,2,historical,33.88924789
2023,3,historical,33.7125206
2023,4,historical,33.66085052
2023,5,historical,33.6117897
2023,6,historical,33.56141281
2023,7,historical,33.67890549
2023,8,historical,33.7647438
2023,9,historical,33.82550812
2023,10,historical,33.932621
2023,11,historical,34.05255127
2023,12,historical,34.02243423
2024,1,historical,33.95449448
2024,2,historical,33.7611084
2024,3,historical,33.68785095
2024,4,historical,33.85116959
2024,5,historical,33.78495789
2024,6,historical,33.77114868
2024,7,historical,33.78316879
2024,8,historical,33.85215378
2024,9,historical,33.93716049
2024,10,historical,33.97844696
2024,11,historical,33.94227982
2024,12,historical,33.78944778
2025,1,SSP3-7.0,34.05097718775238
2025,2,SSP3-7.0,34.00600094970659
2025,3,SSP3-7.0,33.90872272478729
2025,4,SSP3-7.0,33.80528791360806
2025,5,SSP3-7.0,33.71394200409857
2025,6,SSP3-7.0,33.61840245588696
2025,7,SSP3-7.0,33.5875974650656
2025,8,SSP3-7.0,33.622367081846406
2025,9,SSP3-7.0,33.705762500586694
2025,10,SSP3-7.0,33.767274387356395
2025,11,SSP3-7.0,33.868742616201565
2025,12,SSP3-7.0,33.97159803728683
2026,1,SSP3-7.0,34.014819198806954
2026,2,SSP3-7.0,33.97860269263701
2026,3,SSP3-7.0,33.85172223676028
2026,4,SSP3-7.0,33.74485974419622
2026,5,SSP3-7.0,33.62670124977951
2026,6,SSP3-7.0,33.51358228598414
2026,7,SSP3-7.0,33.47494861170071
2026,8,SSP3-7.0,33.51106743517766
2026,9,SSP3-7.0,33.599783337876495
2026,10,SSP3-7.0,33.684984088314735
2026,11,SSP3-7.0,33.758816538974024
2026,12,SSP3-7.0,33.83439354352254
2027,1,SSP3-7.0,33.873656379482966
2027,2,SSP3-7.0,33.83876932607865
2027,3,SSP3-7.0,33.801494068185136
2027,4,SSP3-7.0,33.68549407218313
2027,5,SSP3-7.0,33.573545552247836
2027,6,SSP3-7.0,33.48569135410826
2027,7,SSP3-7.0,33.489340313363805
2027,8,SSP3-7.0,33.539411186936434
2027,9,SSP3-7.0,33.616079271057124
2027,10,SSP3-7.0,33.67435535552433
2027,11,SSP3-7.0,33.760861165081
2027,12,SSP3-7.0,33.88615611733556
2028,1,SSP3-7.0,33.95744031467697
2028,2,SSP3-7.0,33.975284897998506
2028,3,SSP3-7.0,33.88634547674471
2028,4,SSP3-7.0,33.7839422342678
2028,5,SSP3-7.0,33.657904560474464
2028,6,SSP3-7.0,33.50774000410303
2028,7,SSP3-7.0,33.48512353488252
2028,8,SSP3-7.0,33.52477745061405
2028,9,SSP3-7.0,33.60216778286618
2028,10,SSP3-7.0,33.686255645894896
2028,11,SSP3-7.0,33.81889291251001
2028,12,SSP3-7.0,33.90902870498251
2029,1,SSP3-7.0,33.981922212877706
2029,2,SSP3-7.0,33.969814588943414
2029,3,SSP3-7.0,33.885979457096894
2029,4,SSP3-7.0,33.78870998446832
2029,5,SSP3-7.0,33.69426218310294
2029,6,SSP3-7.0,33.612933621395044
2029,7,SSP3-7.0,33.60149593863307
2029,8,SSP3-7.0,33.668405200216164
2029,9,SSP3-7.0,33.76194758763095
2029,10,SSP3-7.0,33.849405999259126
2029,11,SSP3-7.0,33.94376381979001
2029,12,SSP3-7.0,33.97818644952558
2030,1,SSP3-7.0,33.96700592120211
2030,2,SSP3-7.0,33.88355125670353
2030,3,SSP3-7.0,33.77668872307077
2030,4,SSP3-7.0,33.692955283341
2030,5,SSP3-7.0,33.582132277345345
2030,6,SSP3-7.0,33.483294484282744
2030,7,SSP3-7.0,33.493222172886306
2030,8,SSP3-7.0,33.52567169994812
2030,9,SSP3-7.0,33.577890122294654
2030,10,SSP3-7.0,33.62416493694454
2030,11,SSP3-7.0,33.70354492332724
2030,12,SSP3-7.0,33.78602123552203
2031,1,SSP3-7.0,33.8108779615663
2031,2,SSP3-7.0,33.788085568480305
2031,3,SSP3-7.0,33.71644119140545
2031,4,SSP3-7.0,33.60730569784145
2031,5,SSP3-7.0,33.50523058362004
2031,6,SSP3-7.0,33.386717849544716
2031,7,SSP3-7.0,33.33303513053517
2031,8,SSP3-7.0,33.4155756466871
2031,9,SSP3-7.0,33.46479083179593
2031,10,SSP3-7.0,33.54529996830384
2031,11,SSP3-7.0,33.697175260429354
2031,12,SSP3-7.0,33.84074884348621
2032,1,SSP3-7.0,33.89299601470222
2032,2,SSP3-7.0,33.86939469604987
2032,3,SSP3-7.0,33.7690775579114
2032,4,SSP3-7.0,33.67156844051163
2032,5,SSP3-7.0,33.516060096954845
2032,6,SSP3-7.0,33.411135507373956
2032,7,SSP3-7.0,33.37267779482424
2032,8,SSP3-7.0,33.38665852073805
2032,9,SSP3-7.0,33.4638375222841
2032,10,SSP3-7.0,33.510017405466044
2032,11,SSP3-7.0,33.62379808600993
2032,12,SSP3-7.0,33.717197675624604
2033,1,SSP3-7.0,33.7867213598974
2033,2,SSP3-7.0,33.76391195450961
2033,3,SSP3-7.0,33.70063956063562
2033,4,SSP3-7.0,33.61557949650243
2033,5,SSP3-7.0,33.51819655556772
2033,6,SSP3-7.0,33.40216749156158
2033,7,SSP3-7.0,33.39887141283663
2033,8,SSP3-7.0,33.46599197447882
2033,9,SSP3-7.0,33.545069772814585
2033,10,SSP3-7.0,33.63642446854616
2033,11,SSP3-7.0,33.72824594351455
2033,12,SSP3-7.0,33.809449293019526
2034,1,SSP3-7.0,33.84567028377566
2034,2,SSP3-7.0,33.85065543956985
2034,3,SSP3-7.0,33.81610869475925
2034,4,SSP3-7.0,33.719843124208815
2034,5,SSP3-7.0,33.64240807256656
2034,6,SSP3-7.0,33.56444790432745
2034,7,SSP3-7.0,33.55142517059445
2034,8,SSP3-7.0,33.58604336711578
2034,9,SSP3-7.0,33.680349020104956
2034,10,SSP3-7.0,33.74699362248579
2034,11,SSP3-7.0,33.84586874311836
2034,12,SSP3-7.0,33.9572935906573
2035,1,SSP3-7.0,33.99294922368187
2035,2,SSP3-7.0,33.94689494462853
2035,3,SSP3-7.0,33.84679074522268
2035,4,SSP3-7.0,33.71651732184832
2035,5,SSP3-7.0,33.6155967205161
2035,6,SSP3-7.0,33.5387290901873
2035,7,SSP3-7.0,33.48235478801285
2035,8,SSP3-7.0,33.550991958164374
2035,9,SSP3-7.0,33.61898125022901
2035,10,SSP3-7.0,33.72608136289342
2035,11,SSP3-7.0,33.83945742279065
2035,12,SSP3-7.0,33.939668425752124
2036,1,SSP3-7.0,33.97651226065119
2036,2,SSP3-7.0,33.92411833081632
2036,3,SSP3-7.0,33.82269088022494
2036,4,SSP3-7.0,33.70950436612904
2036,5,SSP3-7.0,33.55212860174287
2036,6,SSP3-7.0,33.479256940048074
2036,7,SSP3-7.0,33.49991191383799
2036,8,SSP3-7.0,33.560574071344604
2036,9,SSP3-7.0,33.63010480086502
2036,10,SSP3-7.0,33.702591378631574
2036,11,SSP3-7.0,33.78635720795598
2036,12,SSP3-7.0,33.87149483588611
2037,1,SSP3-7.0,33.887400872770016
2037,2,SSP3-7.0,33.84174171806722
2037,3,SSP3-7.0,33.79508842437383
2037,4,SSP3-7.0,33.67245286057527
2037,5,SSP3-7.0,33.54325675010453
2037,6,SSP3-7.0,33.415158608396716
2037,7,SSP3-7.0,33.37400109337666
2037,8,SSP3-7.0,33.4195493009997
2037,9,SSP3-7.0,33.42696277203162
2037,10,SSP3-7.0,33.56346013431854
2037,11,SSP3-7.0,33.69868184224133
2037,12,SSP3-7.0,33.76789136917296
2038,1,SSP3-7.0,33.77355207706207
2038,2,SSP3-7.0,33.72187369601403
2038,3,SSP3-7.0,33.64284642504979
2038,4,SSP3-7.0,33.5488685663503
2038,5,SSP3-7.0,33.467263903446074
2038,6,SSP3-7.0,33.38306227402205
2038,7,SSP3-7.0,33.31999686094374
2038,8,SSP3-7.0,33.369714857450006
2038,9,SSP3-7.0,33.48199842828513
2038,10,SSP3-7.0,33.59552067011186
2038,11,SSP3-7.0,33.69243559724061
2038,12,SSP3-7.0,33.756956837916654
2039,1,SSP3-7.0,33.79454529100059
2039,2,SSP3-7.0,33.76720883224246
2039,3,SSP3-7.0,33.68988211259304
2039,4,SSP3-7.0,33.57685082983557
2039,5,SSP3-7.0,33.48029335918912
2039,6,SSP3-7.0,33.396048843932505
2039,7,SSP3-7.0,33.3592203618611
2039,8,SSP3-7.0,33.34921822395761
2039,9,SSP3-7.0,33.444701578488974
2039,10,SSP3-7.0,33.5497548041146
2039,11,SSP3-7.0,33.6150859540344
2039,12,SSP3-7.0,33.73230347840474
2040,1,SSP3-7.0,33.80016358858426
2040,2,SSP3-7.0,33.81501017191072
2040,3,SSP3-7.0,33.79089821199653
2040,4,SSP3-7.0,33.685179003566866
2040,5,SSP3-7.0,33.55659965833417
2040,6,SSP3-7.0,33.49888137768866
2040,7,SSP3-7.0,33.49838154585392
2040,8,SSP3-7.0,33.52849259887419
2040,9,SSP3-7.0,33.59208929612443
2040,10,SSP3-7.0,33.682120904325345
2040,11,SSP3-7.0,33.76270030714315
2040,12,SSP3-7.0,33.847081573601265
2041,1,SSP3-7.0,33.91555072917149
2041,2,SSP3-7.0,33.86294417585315
2041,3,SSP3-7.0,33.77305124193599
2041,4,SSP3-7.0,33.67080903829943
2041,5,SSP3-7.0,33.54083083801751
2041,6,SSP3-7.0,33.4285856828456
2041,7,SSP3-7.0,33.427441446572885
2041,8,SSP3-7.0,33.438100370666
2041,9,SSP3-7.0,33.49479398188946
2041,10,SSP3-7.0,33.605779407885336
2041,11,SSP3-7.0,33.72889128197694
2041,12,SSP3-7.0,33.79484986212198
2042,1,SSP3-7.0,33.83616863223211
2042,2,SSP3-7.0,33.78928037126846
2042,3,SSP3-7.0,33.702860313648344
2042,4,SSP3-7.0,33.587921675444385
2042,5,SSP3-7.0,33.54598985151985
2042,6,SSP3-7.0,33.46016458852922
2042,7,SSP3-7.0,33.38631594422251
2042,8,SSP3-7.0,33.397298954988344
2042,9,SSP3-7.0,33.47554233431479
2042,10,SSP3-7.0,33.59089731947231
2042,11,SSP3-7.0,33.69148074208867
2042,12,SSP3-7.0,33.767930734145516
2043,1,SSP3-7.0,33.78408325344785
2043,2,SSP3-7.0,33.78540126958434
2043,3,SSP3-7.0,33.713421110356634
2043,4,SSP3-7.0,33.60502914840318
2043,5,SSP3-7.0,33.493879037601836
2043,6,SSP3-7.0,33.43276769421112
2043,7,SSP3-7.0,33.42057564091526
2043,8,SSP3-7.0,33.42112517864513
2043,9,SSP3-7.0,33.501191707631904
2043,10,SSP3-7.0,33.62862026511373
2043,11,SSP3-7.0,33.706834256910966
2043,12,SSP3-7.0,33.78543929206834
2044,1,SSP3-7.0,33.81536435468998
2044,2,SSP3-7.0,33.77882367917054
2044,3,SSP3-7.0,33.71170312847406
2044,4,SSP3-7.0,33.65332526569433
2044,5,SSP3-7.0,33.541829844937396
2044,6,SSP3-7.0,33.45838040468599
2044,7,SSP3-7.0,33.46240650852423
2044,8,SSP3-7.0,33.48879397761447
2044,9,SSP3-7.0,33.53007061728486
2044,10,SSP3-7.0,33.584202955143766
2044,11,SSP3-7.0,33.65912697059807
2044,12,SSP3-7.0,33.72640879315938
2045,1,SSP3-7.0,33.761333786660344
2045,2,SSP3-7.0,33.76705312297437
2045,3,SSP3-7.0,33.686059031550336
2045,4,SSP3-7.0,33.59712552738916
2045,5,SSP3-7.0,33.52221160983929
2045,6,SSP3-7.0,33.423046028838336
2045,7,SSP3-7.0,33.41455173474533
2045,8,SSP3-7.0,33.43034781173049
2045,9,SSP3-7.0,33.48982501025597
2045,10,SSP3-7.0,33.59234580019716
2045,11,SSP3-7.0,33.694438136639356
2045,12,SSP3-7.0,33.76391675686906
2046,1,SSP3-7.0,33.76389408435127
2046,2,SSP3-7.0,33.75925924921393
2046,3,SSP3-7.0,33.68648333303164
2046,4,SSP3-7.0,33.591832559433016
2046,5,SSP3-7.0,33.5088771519703
2046,6,SSP3-7.0,33.40854736139808
2046,7,SSP3-7.0,33.3945731707596
2046,8,SSP3-7.0,33.42836732054836
2046,9,SSP3-7.0,33.43418728418493
2046,10,SSP3-7.0,33.49747442831928
2046,11,SSP3-7.0,33.60462604621557
2046,12,SSP3-7.0,33.66353118981399
2047,1,SSP3-7.0,33.72146631205103
2047,2,SSP3-7.0,33.80300329032317
2047,3,SSP3-7.0,33.73806182454816
2047,4,SSP3-7.0,33.6507010730537
2047,5,SSP3-7.0,33.521176918507756
2047,6,SSP3-7.0,33.42185835649693
2047,7,SSP3-7.0,33.399656406953554
2047,8,SSP3-7.0,33.42906965632069
2047,9,SSP3-7.0,33.50153638655137
2047,10,SSP3-7.0,33.63262892844026
2047,11,SSP3-7.0,33.741347070218175
2047,12,SSP3-7.0,33.83718126579524
2048,1,SSP3-7.0,33.844184156217764
2048,2,SSP3-7.0,33.761120398458246
2048,3,SSP3-7.0,33.68645639720335
2048,4,SSP3-7.0,33.59024818862534
2048,5,SSP3-7.0,33.52414671234
2048,6,SSP3-7.0,33.41483141473075
2048,7,SSP3-7.0,33.37203784323296
2048,8,SSP3-7.0,33.43126228077007
2048,9,SSP3-7.0,33.52182667698824
2048,10,SSP3-7.0,33.59219776117993
2048,11,SSP3-7.0,33.69055164623623
2048,12,SSP3-7.0,33.74283079179819
2049,1,SSP3-7.0,33.74332703284331
2049,2,SSP3-7.0,33.72090216675919
2049,3,SSP3-7.0,33.66039330645518
2049,4,SSP3-7.0,33.595493917328
2049,5,SSP3-7.0,33.493690104609684
2049,6,SSP3-7.0,33.396294492245495
2049,7,SSP3-7.0,33.38234085611915
2049,8,SSP3-7.0,33.406627978575926
2049,9,SSP3-7.0,33.50719639952302
2049,10,SSP3-7.0,33.563613846036915
2049,11,SSP3-7.0,33.66375119735868
2049,12,SSP3-7.0,33.7630959151103
2050,1,SSP3-7.0,33.809719887931685
2050,2,SSP3-7.0,33.78543918666449
2050,3,SSP3-7.0,33.71750974853017
2050,4,SSP3-7.0,33.61053618541143
2050,5,SSP3-7.0,33.47994590339614
2050,6,SSP3-7.0,33.38361169562154
2050,7,SSP3-7.0,33.387665171130195
2050,8,SSP3-7.0,33.411048035857746
2050,9,SSP3-7.0,33.445578777134166
2050,10,SSP3-7.0,33.5623084868823
2050,11,SSP3-7.0,33.679244982742425
2050,12,SSP3-7.0,33.75173181197784
2051,1,SSP3-7.0,33.76644258009135
2051,2,SSP3-7.0,33.68437129788068
2051,3,SSP3-7.0,33.61071734900083
2051,4,SSP3-7.0,33.5483163795354
2051,5,SSP3-7.0,33.44611233046088
2051,6,SSP3-7.0,33.340329518358736
2051,7,SSP3-7.0,33.280874793586676
2051,8,SSP3-7.0,33.29176222540762
2051,9,SSP3-7.0,33.352742902776015
2051,10,SSP3-7.0,33.436947444699655
2051,11,SSP3-7.0,33.4955315970684
2051,12,SSP3-7.0,33.61952919625326
2052,1,SSP3-7.0,33.6551521343437
2052,2,SSP3-7.0,33.60443674414126
2052,3,SSP3-7.0,33.52505925177309
2052,4,SSP3-7.0,33.44137004415916
2052,5,SSP3-7.0,33.352090524982366
2052,6,SSP3-7.0,33.27638173416612
2052,7,SSP3-7.0,33.2452424473806
2052,8,SSP3-7.0,33.27708169133342
2052,9,SSP3-7.0,33.32053586602986
2052,10,SSP3-7.0,33.356473092419584
2052,11,SSP3-7.0,33.429634509761755
2052,12,SSP3-7.0,33.53615287934652
2053,1,SSP3-7.0,33.576811607306254
2053,2,SSP3-7.0,33.53845503686837
2053,3,SSP3-7.0,33.49124193177398
2053,4,SSP3-7.0,33.39030513605796
2053,5,SSP3-7.0,33.25770649685729
2053,6,SSP3-7.0,33.14337442513809
2053,7,SSP3-7.0,33.15536658116334
2053,8,SSP3-7.0,33.20812690208448
2053,9,SSP3-7.0,33.22862139602057
2053,10,SSP3-7.0,33.32069606745983
2053,11,SSP3-7.0,33.43654023105791
2053,12,SSP3-7.0,33.56328304680322
2054,1,SSP3-7.0,33.59619196107274
2054,2,SSP3-7.0,33.55863677435181
2054,3,SSP3-7.0,33.50225416472915
2054,4,SSP3-7.0,33.416186179288815
2054,5,SSP3-7.0,33.267637299814034
2054,6,SSP3-7.0,33.129212913607844
2054,7,SSP3-7.0,33.12119608734609
2054,8,SSP3-7.0,33.16710640113257
2054,9,SSP3-7.0,33.21170597314009
2054,10,SSP3-7.0,33.317610553605824
2054,11,SSP3-7.0,33.442791623778234
2054,12,SSP3-7.0,33.540630938262204
2055,1,SSP3-7.0,33.637300523468866
2055,2,SSP3-7.0,33.62944643835921
2055,3,SSP3-7.0,33.554270145331046
2055,4,SSP3-7.0,33.48100473845918
2055,5,SSP3-7.0,33.40836835226806
2055,6,SSP3-7.0,33.298023849865665
2055,7,SSP3-7.0,33.246869265461186
2055,8,SSP3-7.0,33.28551797247867
2055,9,SSP3-7.0,33.33166229358339
2055,10,SSP3-7.0,33.40888910754641
2055,11,SSP3-7.0,33.563906041670606
2055,12,SSP3-7.0,33.682526849839846
2056,1,SSP3-7.0,33.72264818294902
2056,2,SSP3-7.0,33.68175548964217
2056,3,SSP3-7.0,33.58512368060504
2056,4,SSP3-7.0,33.490380317951754
2056,5,SSP3-7.0,33.36503498786685
2056,6,SSP3-7.0,33.23218559560644
2056,7,SSP3-7.0,33.15155290227024
2056,8,SSP3-7.0,33.17774621305093
2056,9,SSP3-7.0,33.24747022104902
2056,10,SSP3-7.0,33.32624854095481
2056,11,SSP3-7.0,33.465055245291595
2056,12,SSP3-7.0,33.577395782245134
2057,1,SSP3-7.0,33.58160879917373
2057,2,SSP3-7.0,33.552250781238506
2057,3,SSP3-7.0,33.48040835660203
2057,4,SSP3-7.0,33.38620849940088
2057,5,SSP3-7.0,33.29401448956505
2057,6,SSP3-7.0,33.158867435934575
2057,7,SSP3-7.0,33.11135194482859
2057,8,SSP3-7.0,33.138566110609794
2057,9,SSP3-7.0,33.220238229032766
2057,10,SSP3-7.0,33.28933493380124
2057,11,SSP3-7.0,33.35459084306936
2057,12,SSP3-7.0,33.38362031987893
2058,1,SSP3-7.0,33.405542748964805
2058,2,SSP3-7.0,33.41886637581492
2058,3,SSP3-7.0,33.324698817385716
2058,4,SSP3-7.0,33.19361142176434
2058,5,SSP3-7.0,33.09926873256628
2058,6,SSP3-7.0,33.02685211538657
2058,7,SSP3-7.0,33.02736482177835
2058,8,SSP3-7.0,33.05609018922764
2058,9,SSP3-7.0,33.11208079814274
2058,10,SSP3-7.0,33.23600174678017
2058,11,SSP3-7.0,33.30827090045733
2058,12,SSP3-7.0,33.41633734244392
2059,1,SSP3-7.0,33.4605928471031
2059,2,SSP3-7.0,33.418414162275155
2059,3,SSP3-7.0,33.36709071486994
2059,4,SSP3-7.0,33.26585715796284
2059,5,SSP3-7.0,33.16233963202888
2059,6,SSP3-7.0,33.04578182855604
2059,7,SSP3-7.0,33.00874047388005
2059,8,SSP3-7.0,33.04142083410796
2059,9,SSP3-7.0,33.11872600199868
2059,10,SSP3-7.0,33.194042452261144
2059,11,SSP3-7.0,33.27130422272538
2059,12,SSP3-7.0,33.40197294153012
2060,1,SSP3-7.0,33.48764308924422
2060,2,SSP3-7.0,33.46803913776671
2060,3,SSP3-7.0,33.40734499526808
2060,4,SSP3-7.0,33.299847567389634
2060,5,SSP3-7.0,33.18550473184474
2060,6,SSP3-7.0,33.0700293213773
2060,7,SSP3-7.0,33.06963816182856
2060,8,SSP3-7.0,33.09702932882484
2060,9,SSP3-7.0,33.14803248489411
2060,10,SSP3-7.0,33.23213946787193
2060,11,SSP3-7.0,33.31076204515703
2060,12,SSP3-7.0,33.39287670293704
2061,1,SSP3-7.0,33.42061915697054
2061,2,SSP3-7.0,33.389557850768384
2061,3,SSP3-7.0,33.35638916376956
2061,4,SSP3-7.0,33.31695471321172
2061,5,SSP3-7.0,33.21645900624785
2061,6,SSP3-7.0,33.10455744395365
2061,7,SSP3-7.0,33.10908726436995
2061,8,SSP3-7.0,33.103447630890344
2061,9,SSP3-7.0,33.1577639941219
2061,10,SSP3-7.0,33.21643723816238
2061,11,SSP3-7.0,33.33277321432644
2061,12,SSP3-7.0,33.46458790771901
2062,1,SSP3-7.0,33.50951308952802
2062,2,SSP3-7.0,33.455128092745376
2062,3,SSP3-7.0,33.363282246336354
2062,4,SSP3-7.0,33.28130465694207
2062,5,SSP3-7.0,33.145582050683075
2062,6,SSP3-7.0,33.05785806110974
2062,7,SSP3-7.0,33.01359213659114
2062,8,SSP3-7.0,33.05389809796393
2062,9,SSP3-7.0,33.10680047998322
2062,10,SSP3-7.0,33.20236122701764
2062,11,SSP3-7.0,33.28111995153107
2062,12,SSP3-7.0,33.38799581714272
2063,1,SSP3-7.0,33.46511778536344
2063,2,SSP3-7.0,33.45348689419896
2063,3,SSP3-7.0,33.3892139074823
2063,4,SSP3-7.0,33.26947096073871
2063,5,SSP3-7.0,33.1627676514684
2063,6,SSP3-7.0,33.05361127667166
2063,7,SSP3-7.0,33.02907166497538
2063,8,SSP3-7.0,33.08563428558611
2063,9,SSP3-7.0,33.168716225682786
2063,10,SSP3-7.0,33.21527358467682
2063,11,SSP3-7.0,33.303732497893456
2063,12,SSP3-7.0,33.40328990327532
2064,1,SSP3-7.0,33.42432967578677
2064,2,SSP3-7.0,33.375057129852856
2064,3,SSP3-7.0,33.26067475011306
2064,4,SSP3-7.0,33.15971363933056
2064,5,SSP3-7.0,33.03403046052616
2064,6,SSP3-7.0,32.95662311473759
2064,7,SSP3-7.0,32.93392239444289
2064,8,SSP3-7.0,32.93679189052095
2064,9,SSP3-7.0,33.02805421406922
2064,10,SSP3-7.0,33.06616226278704
2064,11,SSP3-7.0,33.15425429318744
2064,12,SSP3-7.0,33.224576134633885
2065,1,SSP3-7.0,33.271275814820335
2065,2,SSP3-7.0,33.28255859567008
2065,3,SSP3-7.0,33.21283341614169
2065,4,SSP3-7.0,33.10475526435921
2065,5,SSP3-7.0,32.962071018814704
2065,6,SSP3-7.0,32.851267855561886
2065,7,SSP3-7.0,32.80017581251698
2065,8,SSP3-7.0,32.82383974207323
2065,9,SSP3-7.0,32.83558528953723
2065,10,SSP3-7.0,32.95190097274237
2065,11,SSP3-7.0,33.02199737844403
2065,12,SSP3-7.0,33.1587898863746
2066,1,SSP3-7.0,33.19715683171093
2066,2,SSP3-7.0,33.16814179955852
2066,3,SSP3-7.0,33.105516045327064
2066,4,SSP3-7.0,33.04322291434017
2066,5,SSP3-7.0,32.96998947772501
2066,6,SSP3-7.0,32.86379877682137
2066,7,SSP3-7.0,32.85337741034283
2066,8,SSP3-7.0,32.89687421751079
2066,9,SSP3-7.0,32.93136224621609
2066,10,SSP3-7.0,32.98552642422294
2066,11,SSP3-7.0,33.073925571816446
2066,12,SSP3-7.0,33.217324508830686
2067,1,SSP3-7.0,33.28314763987392
2067,2,SSP3-7.0,33.254471460564595
2067,3,SSP3-7.0,33.195828072888396
2067,4,SSP3-7.0,33.07898516417537
2067,5,SSP3-7.0,33.00669133914641
2067,6,SSP3-7.0,32.87688586156289
2067,7,SSP3-7.0,32.83089378239613
2067,8,SSP3-7.0,32.87267942477817
2067,9,SSP3-7.0,32.917862185838146
2067,10,SSP3-7.0,32.98517443470796
2067,11,SSP3-7.0,33.08452688412424
2067,12,SSP3-7.0,33.18422352931435
2068,1,SSP3-7.0,33.24129330986983
2068,2,SSP3-7.0,33.250192077438285
2068,3,SSP3-7.0,33.21578063607033
2068,4,SSP3-7.0,33.146915680606256
2068,5,SSP3-7.0,33.019178237861404
2068,6,SSP3-7.0,32.93286866012129
2068,7,SSP3-7.0,32.89532231583568
2068,8,SSP3-7.0,32.920741351442906
2068,9,SSP3-7.0,32.96089739464292
2068,10,SSP3-7.0,33.03863285814882
2068,11,SSP3-7.0,33.08920007300581
2068,12,SSP3-7.0,33.14863656187999
2069,1,SSP3-7.0,33.24515494886485
2069,2,SSP3-7.0,33.17443646472696
2069,3,SSP3-7.0,33.03999845804102
2069,4,SSP3-7.0,32.93541268068661
2069,5,SSP3-7.0,32.842960264789234
2069,6,SSP3-7.0,32.77276322414822
2069,7,SSP3-7.0,32.73053587005711
2069,8,SSP3-7.0,32.730474425929856
2069,9,SSP3-7.0,32.80622614694032
2069,10,SSP3-7.0,32.911789278684196
2069,11,SSP3-7.0,33.02746759308379
2069,12,SSP3-7.0,33.160463741053704
2070,1,SSP3-7.0,33.226753134551245
2070,2,SSP3-7.0,33.186443738757355
2070,3,SSP3-7.0,33.12167484599571
2070,4,SSP3-7.0,33.024674232895805
2070,5,SSP3-7.0,32.905517075991256
2070,6,SSP3-7.0,32.775184167688295
2070,7,SSP3-7.0,32.73163355082892
2070,8,SSP3-7.0,32.7056048206434
2070,9,SSP3-7.0,32.73777268567763
2070,10,SSP3-7.0,32.84636287463938
2070,11,SSP3-7.0,32.96852446813
2070,12,SSP3-7.0,33.072071249133245
2071,1,SSP3-7.0,33.122901328268576
2071,2,SSP3-7.0,33.10557149860657
2071,3,SSP3-7.0,33.02656155755646
2071,4,SSP3-7.0,32.93812033078245
2071,5,SSP3-7.0,32.878919736209475
2071,6,SSP3-7.0,32.83722558398186
2071,7,SSP3-7.0,32.79358579864925
2071,8,SSP3-7.0,32.80136343484923
2071,9,SSP3-7.0,32.82628390125042
2071,10,SSP3-7.0,32.95799870403434
2071,11,SSP3-7.0,33.065803263973024
2071,12,SSP3-7.0,33.189222347208904
2072,1,SSP3-7.0,33.229054322363766
2072,2,SSP3-7.0,33.229332599818456
2072,3,SSP3-7.0,33.1400205135131
2072,4,SSP3-7.0,33.01998747725734
2072,5,SSP3-7.0,32.86171840107713
2072,6,SSP3-7.0,32.7153346323542
2072,7,SSP3-7.0,32.635752967650895
2072,8,SSP3-7.0,32.598664929423585
2072,9,SSP3-7.0,32.640954777512505
2072,10,SSP3-7.0,32.74476910455551
2072,11,SSP3-7.0,32.839861855402916
2072,12,SSP3-7.0,32.96303613321073
2073,1,SSP3-7.0,33.05548848392356
2073,2,SSP3-7.0,33.08705365107006
2073,3,SSP3-7.0,33.0378781747922
2073,4,SSP3-7.0,32.95342567745038
2073,5,SSP3-7.0,32.916743365116126
2073,6,SSP3-7.0,32.849685686044516
2073,7,SSP3-7.0,32.83305811770794
2073,8,SSP3-7.0,32.869927186200634
2073,9,SSP3-7.0,32.91719139709917
2073,10,SSP3-7.0,32.98523600179124
2073,11,SSP3-7.0,33.05539036184377
2073,12,SSP3-7.0,33.148380632946896
2074,1,SSP3-7.0,33.24882720198374
2074,2,SSP3-7.0,33.26490933389348
2074,3,SSP3-7.0,33.178502532426826
2074,4,SSP3-7.0,33.07133841506791
2074,5,SSP3-7.0,32.94108354665074
2074,6,SSP3-7.0,32.81336161102153
2074,7,SSP3-7.0,32.72926108157725
2074,8,SSP3-7.0,32.70743960974533
2074,9,SSP3-7.0,32.77169419250838
2074,10,SSP3-7.0,32.87120199579618
2074,11,SSP3-7.0,32.97285900425309
2074,12,SSP3-7.0,33.117001985735534
2075,1,SSP3-7.0,33.211154183579886
2075,2,SSP3-7.0,33.22235034579198
2075,3,SSP3-7.0,33.118452941681234
2075,4,SSP3-7.0,33.00962188964529
2075,5,SSP3-7.0,32.843935534407436
2075,6,SSP3-7.0,32.776050486444205
2075,7,SSP3-7.0,32.74932851041429
2075,8,SSP3-7.0,32.746141738112584
2075,9,SSP3-7.0,32.768175799561654
2075,10,SSP3-7.0,32.868669951635
2075,11,SSP3-7.0,32.941004563180144
2075,12,SSP3-7.0,33.07263021365597
2076,1,SSP3-7.0,33.167347412306086
2076,2,SSP3-7.0,33.18406373395456
2076,3,SSP3-7.0,33.11246655297535
2076,4,SSP3-7.0,32.99863123514864
2076,5,SSP3-7.0,32.91930522740008
2076,6,SSP3-7.0,32.80220764470423
2076,7,SSP3-7.0,32.718250343824906
2076,8,SSP3-7.0,32.71737268857463
2076,9,SSP3-7.0,32.76007465320025
2076,10,SSP3-7.0,32.869378641919184
2076,11,SSP3-7.0,32.95253433003844
2076,12,SSP3-7.0,33.04454939894089
2077,1,SSP3-7.0,33.10934371090921
2077,2,SSP3-7.0,33.05235139369053
2077,3,SSP3-7.0,32.993989219911555
2077,4,SSP3-7.0,32.914739709576644
2077,5,SSP3-7.0,32.80311045182001
2077,6,SSP3-7.0,32.73721801386918
2077,7,SSP3-7.0,32.69959277414616
2077,8,SSP3-7.0,32.683113271882846
2077,9,SSP3-7.0,32.76087361779829
2077,10,SSP3-7.0,32.82134500777402
2077,11,SSP3-7.0,32.869676078513145
2077,12,SSP3-7.0,32.915717144584534
2078,1,SSP3-7.0,33.00174016166259
2078,2,SSP3-7.0,33.077469632349505
2078,3,SSP3-7.0,33.026970605260935
2078,4,SSP3-7.0,32.953109775983926
2078,5,SSP3-7.0,32.84127892069469
2078,6,SSP3-7.0,32.77866273503151
2078,7,SSP3-7.0,32.705058521363206
2078,8,SSP3-7.0,32.673719463288926
2078,9,SSP3-7.0,32.68119973536406
2078,10,SSP3-7.0,32.844752742264966
2078,11,SSP3-7.0,32.95522152988385
2078,12,SSP3-7.0,33.06777091872147
2079,1,SSP3-7.0,33.20299748353533
2079,2,SSP3-7.0,33.201581117248544
2079,3,SSP3-7.0,33.147880080085606
2079,4,SSP3-7.0,33.06350091733967
2079,5,SSP3-7.0,32.969892506907435
2079,6,SSP3-7.0,32.875580684459514
2079,7,SSP3-7.0,32.825148252392644
2079,8,SSP3-7.0,32.82877529079537
2079,9,SSP3-7.0,32.828270566573025
2079,10,SSP3-7.0,32.88323053042107
2079,11,SSP3-7.0,33.05381613926132
2079,12,SSP3-7.0,33.128352499676836
2080,1,SSP3-7.0,33.18195691194576
2080,2,SSP3-7.0,33.158067083452046
2080,3,SSP3-7.0,33.07294907725283
2080,4,SSP3-7.0,32.95423302436139
2080,5,SSP3-7.0,32.78468232063486
2080,6,SSP3-7.0,32.68183075082218
2080,7,SSP3-7.0,32.62242745367054
2080,8,SSP3-7.0,32.6301706187685
2080,9,SSP3-7.0,32.68816091067604
2080,10,SSP3-7.0,32.7723149973976
2080,11,SSP3-7.0,32.947921385829595
2080,12,SSP3-7.0,33.05770008568187
2081,1,SSP3-7.0,33.0813371282905
2081,2,SSP3-7.0,33.064010070657616
2081,3,SSP3-7.0,32.99244150761716
2081,4,SSP3-7.0,32.84714902675175
2081,5,SSP3-7.0,32.73148303337497
2081,6,SSP3-7.0,32.620208399284465
2081,7,SSP3-7.0,32.52075972150966
2081,8,SSP3-7.0,32.497043040336735
2081,9,SSP3-7.0,32.6599973014919
2081,10,SSP3-7.0,32.73443601530855
2081,11,SSP3-7.0,32.823110558218104
2081,12,SSP3-7.0,32.96512143329956
2082,1,SSP3-7.0,33.040830164664406
2082,2,SSP3-7.0,33.03067647807769
2082,3,SSP3-7.0,32.97273507311808
2082,4,SSP3-7.0,32.875923720332
2082,5,SSP3-7.0,32.75484105988511
2082,6,SSP3-7.0,32.64444381197588
2082,7,SSP3-7.0,32.60089919497324
2082,8,SSP3-7.0,32.62804187505241
2082,9,SSP3-7.0,32.631327773463305
2082,10,SSP3-7.0,32.72919965663925
2082,11,SSP3-7.0,32.85477736622042
2082,12,SSP3-7.0,32.93400033781565
2083,1,SSP3-7.0,32.967048473029514
2083,2,SSP3-7.0,32.940190977094844
2083,3,SSP3-7.0,32.860209042127956
2083,4,SSP3-7.0,32.766413966726454
2083,5,SSP3-7.0,32.659624502148155
2083,6,SSP3-7.0,32.59065905261428
2083,7,SSP3-7.0,32.53072158297713
2083,8,SSP3-7.0,32.49184998408785
2083,9,SSP3-7.0,32.544755881646715
2083,10,SSP3-7.0,32.64660813878388
2083,11,SSP3-7.0,32.760107603159895
2083,12,SSP3-7.0,32.86031750289731
2084,1,SSP3-7.0,32.913421256312034
2084,2,SSP3-7.0,32.88243612583221
2084,3,SSP3-7.0,32.79151496441719
2084,4,SSP3-7.0,32.70412311060007
2084,5,SSP3-7.0,32.59575836008015
2084,6,SSP3-7.0,32.493124815377875
2084,7,SSP3-7.0,32.47633294450868
2084,8,SSP3-7.0,32.47252418467906
2084,9,SSP3-7.0,32.53121769456933
2084,10,SSP3-7.0,32.61707933282381
2084,11,SSP3-7.0,32.76531275850012
2084,12,SSP3-7.0,32.873111111766
2085,1,SSP3-7.0,32.85261977365418
2085,2,SSP3-7.0,32.82106209979145
2085,3,SSP3-7.0,32.74233066252672
2085,4,SSP3-7.0,32.64400919223747
2085,5,SSP3-7.0,32.53001344289139
2085,6,SSP3-7.0,32.45888624061737
2085,7,SSP3-7.0,32.39219222785683
2085,8,SSP3-7.0,32.35374826484305
2085,9,SSP3-7.0,32.363072628296926
2085,10,SSP3-7.0,32.44618572971558
2085,11,SSP3-7.0,32.63793633035613
2085,12,SSP3-7.0,32.81940962779297
2086,1,SSP3-7.0,32.93406356217434
2086,2,SSP3-7.0,32.931928469979205
2086,3,SSP3-7.0,32.880432906422534
2086,4,SSP3-7.0,32.780135513416205
2086,5,SSP3-7.0,32.665227720870625
2086,6,SSP3-7.0,32.55713421760817
2086,7,SSP3-7.0,32.544848339119916
2086,8,SSP3-7.0,32.53624092670104
2086,9,SSP3-7.0,32.56125465837485
2086,10,SSP3-7.0,32.71665518851076
2086,11,SSP3-7.0,32.80385771308966
2086,12,SSP3-7.0,32.96876644899399
2087,1,SSP3-7.0,33.016934071488365
2087,2,SSP3-7.0,32.96020549170491
2087,3,SSP3-7.0,32.9022769400274
2087,4,SSP3-7.0,32.78905471386615
2087,5,SSP3-7.0,32.68335821855204
2087,6,SSP3-7.0,32.560898569640834
2087,7,SSP3-7.0,32.545560274443126
2087,8,SSP3-7.0,32.5399455042814
2087,9,SSP3-7.0,32.52629142893134
2087,10,SSP3-7.0,32.556239597698706
2087,11,SSP3-7.0,32.67232272111672
2087,12,SSP3-7.0,32.74480136905529
2088,1,SSP3-7.0,32.784860081215584
2088,2,SSP3-7.0,32.778980154136796
2088,3,SSP3-7.0,32.74786967867567
2088,4,SSP3-7.0,32.665723936662864
2088,5,SSP3-7.0,32.5732507845275
2088,6,SSP3-7.0,32.484672078655244
2088,7,SSP3-7.0,32.438529362349186
2088,8,SSP3-7.0,32.4129002724289
2088,9,SSP3-7.0,32.40374400631871
2088,10,SSP3-7.0,32.4832244947168
2088,11,SSP3-7.0,32.70209685991967
2088,12,SSP3-7.0,32.8651562952125
2089,1,SSP3-7.0,32.91262278025031
2089,2,SSP3-7.0,32.893537402734346
2089,3,SSP3-7.0,32.88799488414403
2089,4,SSP3-7.0,32.81571828270403
2089,5,SSP3-7.0,32.69436269821312
2089,6,SSP3-7.0,32.55752511462247
2089,7,SSP3-7.0,32.55352934193249
2089,8,SSP3-7.0,32.60690601296113
2089,9,SSP3-7.0,32.63826081852177
2089,10,SSP3-7.0,32.694007882942216
2089,11,SSP3-7.0,32.765697081158514
2089,12,SSP3-7.0,32.856665336536
2090,1,SSP3-7.0,32.91496810050114
2090,2,SSP3-7.0,32.913489406191694
2090,3,SSP3-7.0,32.87739858346737
2090,4,SSP3-7.0,32.76672902410758
2090,5,SSP3-7.0,32.63055256144164
2090,6,SSP3-7.0,32.486449792700476
2090,7,SSP3-7.0,32.446923497177266
2090,8,SSP3-7.0,32.430478300407266
2090,9,SSP3-7.0,32.45996689973421
2090,10,SSP3-7.0,32.572021719146974
2090,11,SSP3-7.0,32.681968591870415
2090,12,SSP3-7.0,32.80474621294332
2091,1,SSP3-7.0,32.865041698729094
2091,2,SSP3-7.0,32.866167718144204
2091,3,SSP3-7.0,32.803600524416694
2091,4,SSP3-7.0,32.69881551790482
2091,5,SSP3-7.0,32.58213949637668
2091,6,SSP3-7.0,32.44389747158936
2091,7,SSP3-7.0,32.41224846687753
2091,8,SSP3-7.0,32.39258120193787
2091,9,SSP3-7.0,32.421033594089074
2091,10,SSP3-7.0,32.45743242775679
2091,11,SSP3-7.0,32.601893637792976
2091,12,SSP3-7.0,32.7094557839281
2092,1,SSP3-7.0,32.74975182903843
2092,2,SSP3-7.0,32.74496494868629
2092,3,SSP3-7.0,32.692083536015126
2092,4,SSP3-7.0,32.606892182085815
2092,5,SSP3-7.0,32.48119550799184
2092,6,SSP3-7.0,32.376643464664205
2092,7,SSP3-7.0,32.343858453889716
2092,8,SSP3-7.0,32.359431005210006
2092,9,SSP3-7.0,32.42235273619382
2092,10,SSP3-7.0,32.48351341828113
2092,11,SSP3-7.0,32.59845301220915
2092,12,SSP3-7.0,32.70352391501842
2093,1,SSP3-7.0,32.77350004487084
2093,2,SSP3-7.0,32.78633535769547
2093,3,SSP3-7.0,32.676901384675844
2093,4,SSP3-7.0,32.55016809708936
2093,5,SSP3-7.0,32.4185154755028
2093,6,SSP3-7.0,32.34201002025843
2093,7,SSP3-7.0,32.30641853974857
2093,8,SSP3-7.0,32.345264415216754
2093,9,SSP3-7.0,32.399663510786084
2093,10,SSP3-7.0,32.5082399814445
2093,11,SSP3-7.0,32.5821674460516
2093,12,SSP3-7.0,32.767210174753274
2094,1,SSP3-7.0,32.872977342170074
2094,2,SSP3-7.0,32.88011529363706
2094,3,SSP3-7.0,32.80310010767472
2094,4,SSP3-7.0,32.67673953969884
2094,5,SSP3-7.0,32.597468558872706
2094,6,SSP3-7.0,32.46649376040751
2094,7,SSP3-7.0,32.37098444106544
2094,8,SSP3-7.0,32.357294328867866
2094,9,SSP3-7.0,32.42191679179985
2094,10,SSP3-7.0,32.51837414849343
2094,11,SSP3-7.0,32.63266150931603
2094,12,SSP3-7.0,32.769778630375214
2095,1,SSP3-7.0,32.83475555442813
2095,2,SSP3-7.0,32.78557340550726
2095,3,SSP3-7.0,32.711879981192524
2095,4,SSP3-7.0,32.58569333365887
2095,5,SSP3-7.0,32.45570013172138
2095,6,SSP3-7.0,32.33418620453731
2095,7,SSP3-7.0,32.23707645038309
2095,8,SSP3-7.0,32.17159485962763
2095,9,SSP3-7.0,32.208524149737165
2095,10,SSP3-7.0,32.345529065384326
2095,11,SSP3-7.0,32.51239830691311
2095,12,SSP3-7.0,32.65620598174761
2096,1,SSP3-7.0,32.723625419689164
2096,2,SSP3-7.0,32.70532868163366
2096,3,SSP3-7.0,32.73662393544411
2096,4,SSP3-7.0,32.63321381523577
2096,5,SSP3-7.0,32.47945954663082
2096,6,SSP3-7.0,32.38368604600078
2096,7,SSP3-7.0,32.34663042267579
2096,8,SSP3-7.0,32.3249741267012
2096,9,SSP3-7.0,32.3972953970992
2096,10,SSP3-7.0,32.48851006115539
2096,11,SSP3-7.0,32.6290683197468
2096,12,SSP3-7.0,32.80435561415002
2097,1,SSP3-7.0,32.84277625357649
2097,2,SSP3-7.0,32.798081846790424
2097,3,SSP3-7.0,32.72919733198362
2097,4,SSP3-7.0,32.61691871134186
2097,5,SSP3-7.0,32.45855115751401
2097,6,SSP3-7.0,32.338334236070146
2097,7,SSP3-7.0,32.263494552733214
2097,8,SSP3-7.0,32.26294265030304
2097,9,SSP3-7.0,32.269125404355634
2097,10,SSP3-7.0,32.34213932677087
2097,11,SSP3-7.0,32.49266797509639
2097,12,SSP3-7.0,32.59772300948904
2098,1,SSP3-7.0,32.68462497331724
2098,2,SSP3-7.0,32.66705561506585
2098,3,SSP3-7.0,32.572221010743974
2098,4,SSP3-7.0,32.45683630261705
2098,5,SSP3-7.0,32.355495550136176
2098,6,SSP3-7.0,32.25695212546376
2098,7,SSP3-7.0,32.173479211203656
2098,8,SSP3-7.0,32.12438872137653
2098,9,SSP3-7.0,32.13402164175633
2098,10,SSP3-7.0,32.24562796699167
2098,11,SSP3-7.0,32.35876962872554
2098,12,SSP3-7.0,32.49439128650152
2099,1,SSP3-7.0,32.550262642092484
2099,2,SSP3-7.0,32.54915265872164
2099,3,SSP3-7.0,32.47087163346973
2099,4,SSP3-7.0,32.33502203293212
2099,5,SSP3-7.0,32.179482962881686
2099,6,SSP3-7.0,32.08360320975754
2099,7,SSP3-7.0,32.073720963652946
2099,8,SSP3-7.0,32.02944804199857
2099,9,SSP3-7.0,32.05677474690413
2099,10,SSP3-7.0,32.17752516267196
2099,11,SSP3-7.0,32.302106844687025
2099,12,SSP3-7.0,32.46955297511854
