Year,Month,scenario,temperature
1993,1,historical,6.385879517
1993,2,historical,5.981704712
1993,3,historical,5.603764057
1993,4,historical,7.543740273
1993,5,historical,10.60502529
1993,6,historical,13.73739529
1993,7,historical,15.75478458
1993,8,historical,16.44046402
1993,9,historical,15.61574364
1993,10,historical,13.35267258
1993,11,historical,9.839722633
1993,12,historical,7.294311523
1994,1,historical,6.60320425
1994,2,historical,5.486123562
1994,3,historical,5.99257803
1994,4,historical,7.706233501
1994,5,historical,10.54414749
1994,6,historical,13.00293541
1994,7,historical,16.75789642
1994,8,historical,18.08860397
1994,9,historical,16.07743454
1994,10,historical,13.57947636
1994,11,historical,12.08684158
1994,12,historical,10.05277252
1995,1,historical,7.2234487529999996
1995,2,historical,7.17828846
1995,3,historical,6.934340477
1995,4,historical,8.240451813
1995,5,historical,10.69902134
1995,6,historical,12.93535614
1995,7,historical,16.17929649
1995,8,historical,18.61814308
1995,9,historical,17.08536339
1995,10,historical,15.25822067
1995,11,historical,12.26163864
1995,12,historical,8.277604103
1996,1,historical,5.804676533
1996,2,historical,3.779598951
1996,3,historical,4.175791264
1996,4,historical,5.987259865
1996,5,historical,8.73630619
1996,6,historical,12.41162968
1996,7,historical,14.87774849
1996,8,historical,16.87973022
1996,9,historical,15.77191734
1996,10,historical,13.98153877
1996,11,historical,11.11568165
1996,12,historical,7.483251095
1997,1,historical,3.661114693
1997,2,historical,4.438995838
1997,3,historical,6.436635971
1997,4,historical,7.863610744
1997,5,historical,10.45736313
1997,6,historical,13.59303665
1997,7,historical,15.99092865
1997,8,historical,18.47639847
1997,9,historical,17.24071884
1997,10,historical,14.60591984
1997,11,historical,11.49415779
1997,12,historical,9.095589638
1998,1,historical,7.061088085
1998,2,historical,5.821831226
1998,3,historical,6.576701641
1998,4,historical,8.393473625
1998,5,historical,11.42447186
1998,6,historical,14.27668762
1998,7,historical,16.07639885
1998,8,historical,17.33044815
1998,9,historical,16.24438095
1998,10,historical,13.61369419
1998,11,historical,9.918030739
1998,12,historical,7.124547482
1999,1,historical,7.275781631
1999,2,historical,6.030108452
1999,3,historical,6.560558796
1999,4,historical,8.654565811
1999,5,historical,11.53365231
1999,6,historical,14.24168873
1999,7,historical,16.81454086
1999,8,historical,17.92321014
1999,9,historical,17.9216671
1999,10,historical,14.60969353
1999,11,historical,11.28736401
1999,12,historical,8.158677101
2000,1,historical,6.622049332
2000,2,historical,6.317548275
2000,3,historical,6.815462112
2000,4,historical,7.988927364
2000,5,historical,11.00415993
2000,6,historical,13.74850941
2000,7,historical,15.15805817
2000,8,historical,17.1733284
2000,9,historical,16.98301888
2000,10,historical,14.53575897
2000,11,historical,11.08377266
2000,12,historical,9.179487228
2001,1,historical,6.7445535660000004
2001,2,historical,6.365307808
2001,3,historical,6.093138218
2001,4,historical,7.578098297
2001,5,historical,10.31885815
2001,6,historical,13.33006859
2001,7,historical,16.32126236
2001,8,historical,17.87323952
2001,9,historical,16.24932861
2001,10,historical,15.09077644
2001,11,historical,11.93304825
2001,12,historical,8.800110817
2002,1,historical,6.355193138
2002,2,historical,7.257407665
2002,3,historical,7.467924595
2002,4,historical,8.910368919
2002,5,historical,11.23072147
2002,6,historical,14.33546066
2002,7,historical,16.12896729
2002,8,historical,18.37880516
2002,9,historical,17.72232437
2002,10,historical,14.53009129
2002,11,historical,11.75981236
2002,12,historical,8.745095253
2003,1,historical,6.840929985
2003,2,historical,5.426308155
2003,3,historical,6.215277195
2003,4,historical,7.894813538
2003,5,historical,11.00235558
2003,6,historical,14.68846989
2003,7,historical,17.30481911
2003,8,historical,19.1770153
2003,9,historical,17.88521385
2003,10,historical,14.19785786
2003,11,historical,11.05360603
2003,12,historical,8.906866074
2004,1,historical,6.387229919
2004,2,historical,5.769944668
2004,3,historical,5.517742634
2004,4,historical,8.077411652
2004,5,historical,11.16190529
2004,6,historical,14.38641453
2004,7,historical,16.47555733
2004,8,historical,18.57494354
2004,9,historical,17.00948334
2004,10,historical,14.00698566
2004,11,historical,11.25733757
2004,12,historical,8.370977402
2005,1,historical,7.038896084
2005,2,historical,5.686311722
2005,3,historical,4.974205494
2005,4,historical,7.389231205
2005,5,historical,10.21583748
2005,6,historical,13.50750732
2005,7,historical,16.5129776
2005,8,historical,17.07502747
2005,9,historical,17.51451302
2005,10,historical,15.65204716
2005,11,historical,12.8251152
2005,12,historical,8.515385628
2006,1,historical,5.977519035
2006,2,historical,4.971371651
2006,3,historical,4.426142693
2006,4,historical,6.865778923
2006,5,historical,10.30703831
2006,6,historical,13.32185459
2006,7,historical,17.34173965
2006,8,historical,18.20238304
2006,9,historical,17.8771801
2006,10,historical,16.31001472
2006,11,historical,12.59336853
2006,12,historical,10.06019402
2007,1,historical,8.391619682
2007,2,historical,7.214568615
2007,3,historical,7.909268856
2007,4,historical,9.50959301
2007,5,historical,12.15142822
2007,6,historical,14.85380745
2007,7,historical,16.36691475
2007,8,historical,17.54525757
2007,9,historical,16.72221184
2007,10,historical,14.60803699
2007,11,historical,11.24376869
2007,12,historical,8.33343792
2008,1,historical,7.129430294
2008,2,historical,6.833724976
2008,3,historical,6.808523178
2008,4,historical,7.893885136
2008,5,historical,11.45468044
2008,6,historical,14.34829521
2008,7,historical,16.53909111
2008,8,historical,17.6887722
2008,9,historical,16.62816048
2008,10,historical,13.855793
2008,11,historical,10.73410511
2008,12,historical,7.528897762
2009,1,historical,5.392636299
2009,2,historical,4.575044632
2009,3,historical,5.777458668
2009,4,historical,8.34236908
2009,5,historical,11.3346405
2009,6,historical,14.35212421
2009,7,historical,17.0764637
2009,8,historical,18.26461029
2009,9,historical,16.9552002
2009,10,historical,14.60375881
2009,11,historical,12.26865101
2009,12,historical,9.012817383
2010,1,historical,5.372740746
2010,2,historical,4.077969551
2010,3,historical,4.656576157
2010,4,historical,7.299186707
2010,5,historical,9.982901573
2010,6,historical,13.3102417
2010,7,historical,16.70035172
2010,8,historical,17.56511497
2010,9,historical,16.19769859
2010,10,historical,14.14595604
2010,11,historical,10.95875645
2010,12,historical,6.234472752
2011,1,historical,4.850758553
2011,2,historical,5.212569714
2011,3,historical,5.719484806
2011,4,historical,8.516165733
2011,5,historical,11.69620323
2011,6,historical,14.40077305
2011,7,historical,16.29531479
2011,8,historical,17.034729
2011,9,historical,16.39685249
2011,10,historical,14.7840538
2011,11,historical,12.47284698
2011,12,historical,8.956021309
2012,1,historical,7.107910156
2012,2,historical,4.885202408
2012,3,historical,6.041357994
2012,4,historical,7.905747414
2012,5,historical,10.38956928
2012,6,historical,13.44557667
2012,7,historical,16.08586693
2012,8,historical,17.88313675
2012,9,historical,16.8398571
2012,10,historical,13.83625507
2012,11,historical,10.73892975
2012,12,historical,7.71693182
2013,1,historical,6.452045918
2013,2,historical,4.956857681
2013,3,historical,4.09115696
2013,4,historical,5.071022034
2013,5,historical,8.924549103
2013,6,historical,12.23742867
2013,7,historical,15.7944355
2013,8,historical,17.85222816
2013,9,historical,16.95451355
2013,10,historical,14.62140274
2013,11,historical,11.34130669
2013,12,historical,8.236865997
2014,1,historical,7.501192093
2014,2,historical,7.083074093
2014,3,historical,7.48934269
2014,4,historical,9.366195679
2014,5,historical,12.06761074
2014,6,historical,15.17433834
2014,7,historical,17.61735153
2014,8,historical,18.3293972
2014,9,historical,17.48326683
2014,10,historical,15.80524063
2014,11,historical,12.94299889
2014,12,historical,9.177445412
2015,1,historical,6.8471651080000004
2015,2,historical,5.633166313
2015,3,historical,5.956305027
2015,4,historical,7.725296974
2015,5,historical,10.67340088
2015,6,historical,13.45378494
2015,7,historical,16.48058891
2015,8,historical,17.63381195
2015,9,historical,16.48361969
2015,10,historical,14.36576366
2015,11,historical,12.22180843
2015,12,historical,9.843605995
2016,1,historical,8.268261909
2016,2,historical,7.108678818
2016,3,historical,6.519729614
2016,4,historical,8.266379356
2016,5,historical,10.77215004
2016,6,historical,14.13968086
2016,7,historical,16.86832619
2016,8,historical,18.35692787
2016,9,historical,18.82243156
2016,10,historical,15.55530071
2016,11,historical,11.6198473
2016,12,historical,8.741760254
2017,1,historical,6.497248173
2017,2,historical,5.634370327
2017,3,historical,6.778354168
2017,4,historical,8.955688477
2017,5,historical,11.34241295
2017,6,historical,15.18756676
2017,7,historical,17.6715126
2017,8,historical,18.36107254
2017,9,historical,17.21121597
2017,10,historical,14.97606564
2017,11,historical,11.64225578
2017,12,historical,7.936380386
2018,1,historical,6.465556622
2018,2,historical,5.544045925
2018,3,historical,4.281391621
2018,4,historical,6.936476707
2018,5,historical,10.75844955
2018,6,historical,14.64610577
2018,7,historical,17.81598282
2018,8,historical,19.29794312
2018,9,historical,17.63835335
2018,10,historical,14.36976528
2018,11,historical,11.70774078
2018,12,historical,9.151117325
2019,1,historical,7.088950157
2019,2,historical,6.134572029
2019,3,historical,7.063904762
2019,4,historical,8.814171791
2019,5,historical,11.314291
2019,6,historical,14.60702801
2019,7,historical,17.37417221
2019,8,historical,18.71311378
2019,9,historical,17.51757622
2019,10,historical,15.01301765
2019,11,historical,11.59742928
2019,12,historical,8.873211861
2020,1,historical,7.66330719
2020,2,historical,6.973277092
2020,3,historical,7.012852669
2020,4,historical,8.388180733
2020,5,historical,11.25397587
2020,6,historical,14.40930748
2020,7,historical,16.63770294
2020,8,historical,18.92661095
2020,9,historical,17.61056709
2020,10,historical,14.37946129
2020,11,historical,11.97118473
2020,12,historical,9.332306862
2021,1,historical,6.851955414
2021,2,historical,5.12219429
2021,3,historical,5.721496582
2021,4,historical,7.120631695
2021,5,historical,9.748437881
2021,6,historical,14.06567669
2021,7,historical,16.54363823
2021,8,historical,17.49016571
2021,9,historical,17.22283363
2021,10,historical,15.13332558
2021,11,historical,12.32955837
2021,12,historical,8.892771721
2022,1,historical,7.685877323
2022,2,historical,6.775377274
2022,3,historical,7.286589146
2022,4,historical,8.617494583
2022,5,historical,11.62366772
2022,6,historical,14.74354172
2022,7,historical,17.64821625
2022,8,historical,19.56302643
2022,9,historical,18.6157074
2022,10,historical,15.57048893
2022,11,historical,13.3444252
2022,12,historical,9.513949394
2023,1,historical,7.970965862
2023,2,historical,6.909663677
2023,3,historical,6.785986423
2023,4,historical,8.636415482
2023,5,historical,11.21925545
2023,6,historical,14.62217236
2023,7,historical,17.09449577
2023,8,historical,17.91104507
2023,9,historical,18.47374344
2023,10,historical,16.05213928
2023,11,historical,12.23676395
2023,12,historical,9.063727379
2024,1,historical,7.370977879
2024,2,historical,7.0357728
2024,3,historical,7.933332443
2024,4,historical,9.558338165
2024,5,historical,12.16653347
2024,6,historical,14.61301517
2024,7,historical,16.78367996
2024,8,historical,18.63516998
2024,9,historical,17.79010963
2024,10,historical,15.01714325
2024,11,historical,12.47899246
2024,12,historical,9.22262764
2025,1,SSP1-2.6,7.7572101141970595
2025,2,SSP1-2.6,6.6540510067290946
2025,3,SSP1-2.6,6.792842154865934
2025,4,SSP1-2.6,8.391736378248947
2025,5,SSP1-2.6,11.207515734286616
2025,6,SSP1-2.6,14.778133803064648
2025,7,SSP1-2.6,17.799773150296147
2025,8,SSP1-2.6,18.91979763658864
2025,9,SSP1-2.6,18.05984598606073
2025,10,SSP1-2.6,15.876794675559871
2025,11,SSP1-2.6,12.769534308178512
2025,12,SSP1-2.6,9.721622629816341
2026,1,SSP1-2.6,7.682853022393684
2026,2,SSP1-2.6,6.472576150045134
2026,3,SSP1-2.6,6.458909553779061
2026,4,SSP1-2.6,7.853589110623881
2026,5,SSP1-2.6,10.753597684385111
2026,6,SSP1-2.6,14.900987292307168
2026,7,SSP1-2.6,17.918743102218436
2026,8,SSP1-2.6,18.79440545512429
2026,9,SSP1-2.6,17.760927670043177
2026,10,SSP1-2.6,15.52055895663356
2026,11,SSP1-2.6,12.435377980680975
2026,12,SSP1-2.6,9.696565461445479
2027,1,SSP1-2.6,7.578105462817483
2027,2,SSP1-2.6,6.428512477087383
2027,3,SSP1-2.6,6.397471590104852
2027,4,SSP1-2.6,8.02360945506965
2027,5,SSP1-2.6,10.991565895449279
2027,6,SSP1-2.6,14.527387001986115
2027,7,SSP1-2.6,17.548723330541815
2027,8,SSP1-2.6,18.975222921961816
2027,9,SSP1-2.6,18.0394266597979
2027,10,SSP1-2.6,15.401057514662288
2027,11,SSP1-2.6,12.365548136456427
2027,12,SSP1-2.6,9.582747953347287
2028,1,SSP1-2.6,7.535799830181516
2028,2,SSP1-2.6,6.466690249715136
2028,3,SSP1-2.6,6.593240422729814
2028,4,SSP1-2.6,7.97014595316878
2028,5,SSP1-2.6,11.183927472367252
2028,6,SSP1-2.6,14.390601786188828
2028,7,SSP1-2.6,17.36129497146417
2028,8,SSP1-2.6,18.898037731845726
2028,9,SSP1-2.6,18.0073681920621
2028,10,SSP1-2.6,15.616466153798063
2028,11,SSP1-2.6,12.428490954244396
2028,12,SSP1-2.6,9.459783799402715
2029,1,SSP1-2.6,7.181982249429523
2029,2,SSP1-2.6,6.001636702266198
2029,3,SSP1-2.6,6.148770645658495
2029,4,SSP1-2.6,7.815533183950027
2029,5,SSP1-2.6,10.848270380170884
2029,6,SSP1-2.6,14.73682360359656
2029,7,SSP1-2.6,17.980406210526862
2029,8,SSP1-2.6,18.99452874586819
2029,9,SSP1-2.6,18.133455680909638
2029,10,SSP1-2.6,15.765940002270948
2029,11,SSP1-2.6,12.444906521398787
2029,12,SSP1-2.6,9.531896297092667
2030,1,SSP1-2.6,7.363661006242744
2030,2,SSP1-2.6,6.370695871916383
2030,3,SSP1-2.6,6.449602828074787
2030,4,SSP1-2.6,7.8792258402543185
2030,5,SSP1-2.6,10.861088816236187
2030,6,SSP1-2.6,14.632244639483524
2030,7,SSP1-2.6,17.47146595372386
2030,8,SSP1-2.6,18.638700809122167
2030,9,SSP1-2.6,17.866002635414464
2030,10,SSP1-2.6,15.637808033927149
2030,11,SSP1-2.6,12.586512519034327
2030,12,SSP1-2.6,9.73779902426619
2031,1,SSP1-2.6,7.541990573798934
2031,2,SSP1-2.6,6.108798551441379
2031,3,SSP1-2.6,5.919658041527754
2031,4,SSP1-2.6,7.6768527406215155
2031,5,SSP1-2.6,10.846273987198193
2031,6,SSP1-2.6,14.730142276434895
2031,7,SSP1-2.6,17.77084568021329
2031,8,SSP1-2.6,18.882496432863007
2031,9,SSP1-2.6,17.990391637193156
2031,10,SSP1-2.6,15.619250514676851
2031,11,SSP1-2.6,12.42320130101943
2031,12,SSP1-2.6,9.589970347053736
2032,1,SSP1-2.6,7.561352812721771
2032,2,SSP1-2.6,6.396711717331072
2032,3,SSP1-2.6,6.251088545199356
2032,4,SSP1-2.6,7.812512633571516
2032,5,SSP1-2.6,10.781594630820557
2032,6,SSP1-2.6,14.658890003124796
2032,7,SSP1-2.6,17.574327820821843
2032,8,SSP1-2.6,18.79141652007345
2032,9,SSP1-2.6,17.968910421743928
2032,10,SSP1-2.6,15.618205861163524
2032,11,SSP1-2.6,12.405907945191812
2032,12,SSP1-2.6,9.441813900574239
2033,1,SSP1-2.6,7.168197344334251
2033,2,SSP1-2.6,6.0659281656436335
2033,3,SSP1-2.6,6.318717513710941
2033,4,SSP1-2.6,8.010185322663105
2033,5,SSP1-2.6,10.964888299092594
2033,6,SSP1-2.6,14.993496911824169
2033,7,SSP1-2.6,18.067951554109023
2033,8,SSP1-2.6,18.945426686557926
2033,9,SSP1-2.6,18.17414835423971
2033,10,SSP1-2.6,15.846263833623436
2033,11,SSP1-2.6,12.49080383498669
2033,12,SSP1-2.6,9.380105688686845
2034,1,SSP1-2.6,7.232967437289922
2034,2,SSP1-2.6,6.285507822563029
2034,3,SSP1-2.6,6.5104814486720155
2034,4,SSP1-2.6,8.106443857218869
2034,5,SSP1-2.6,10.930771059812118
2034,6,SSP1-2.6,14.381353790236318
2034,7,SSP1-2.6,17.931627982935474
2034,8,SSP1-2.6,18.7467252725159
2034,9,SSP1-2.6,17.976806122615685
2034,10,SSP1-2.6,15.629872835883164
2034,11,SSP1-2.6,12.246997261085612
2034,12,SSP1-2.6,9.434913174144535
2035,1,SSP1-2.6,7.650837136287816
2035,2,SSP1-2.6,6.807179595828421
2035,3,SSP1-2.6,6.678253117046194
2035,4,SSP1-2.6,8.051774987620709
2035,5,SSP1-2.6,10.883551256325235
2035,6,SSP1-2.6,14.793204964779989
2035,7,SSP1-2.6,17.846581952599603
2035,8,SSP1-2.6,19.000945255901854
2035,9,SSP1-2.6,18.1566222541397
2035,10,SSP1-2.6,15.487720069407823
2035,11,SSP1-2.6,12.260751756793692
2035,12,SSP1-2.6,9.394191658668682
2036,1,SSP1-2.6,7.435401165120698
2036,2,SSP1-2.6,6.545770981541505
2036,3,SSP1-2.6,6.656354179411452
2036,4,SSP1-2.6,8.310388179717282
2036,5,SSP1-2.6,11.339790502225298
2036,6,SSP1-2.6,15.042511588619774
2036,7,SSP1-2.6,18.057892649350997
2036,8,SSP1-2.6,19.15830456603519
2036,9,SSP1-2.6,18.32287318396676
2036,10,SSP1-2.6,15.716043213028932
2036,11,SSP1-2.6,12.401444901380938
2036,12,SSP1-2.6,9.46436221293515
2037,1,SSP1-2.6,7.430499758530421
2037,2,SSP1-2.6,6.297712862349003
2037,3,SSP1-2.6,6.376857496768818
2037,4,SSP1-2.6,8.12878433028461
2037,5,SSP1-2.6,11.05849369470399
2037,6,SSP1-2.6,14.929909685414291
2037,7,SSP1-2.6,18.032187011654557
2037,8,SSP1-2.6,19.52131906323965
2037,9,SSP1-2.6,18.534805805058127
2037,10,SSP1-2.6,16.070348074293896
2037,11,SSP1-2.6,12.730956691257107
2037,12,SSP1-2.6,9.822784702722187
2038,1,SSP1-2.6,7.726550018447122
2038,2,SSP1-2.6,6.759786169734177
2038,3,SSP1-2.6,6.810991635495626
2038,4,SSP1-2.6,8.429073715079868
2038,5,SSP1-2.6,11.260013361515503
2038,6,SSP1-2.6,14.859994315697351
2038,7,SSP1-2.6,18.029412398239224
2038,8,SSP1-2.6,19.327718893924747
2038,9,SSP1-2.6,18.351931257293792
2038,10,SSP1-2.6,16.063868132255376
2038,11,SSP1-2.6,12.6320521904526
2038,12,SSP1-2.6,9.859124942734143
2039,1,SSP1-2.6,7.773044798035248
2039,2,SSP1-2.6,6.556366763806738
2039,3,SSP1-2.6,6.50244067025724
2039,4,SSP1-2.6,8.172726442555309
2039,5,SSP1-2.6,11.241657187662925
2039,6,SSP1-2.6,14.959891326657315
2039,7,SSP1-2.6,17.94866804448979
2039,8,SSP1-2.6,19.309955788772932
2039,9,SSP1-2.6,18.332883833730197
2039,10,SSP1-2.6,15.97224486769986
2039,11,SSP1-2.6,12.645932678897577
2039,12,SSP1-2.6,9.76441039810506
2040,1,SSP1-2.6,7.521238932317606
2040,2,SSP1-2.6,6.346472584075669
2040,3,SSP1-2.6,6.39966029140379
2040,4,SSP1-2.6,8.091254683949904
2040,5,SSP1-2.6,10.93696873602841
2040,6,SSP1-2.6,14.7233553912574
2040,7,SSP1-2.6,17.576157324313293
2040,8,SSP1-2.6,19.136657820030905
2040,9,SSP1-2.6,18.059376399871635
2040,10,SSP1-2.6,15.644285870576063
2040,11,SSP1-2.6,12.542781296532771
2040,12,SSP1-2.6,9.51019026245494
2041,1,SSP1-2.6,7.641827076534622
2041,2,SSP1-2.6,6.718986331686252
2041,3,SSP1-2.6,6.796778382605289
2041,4,SSP1-2.6,8.08179356011704
2041,5,SSP1-2.6,10.980468070838766
2041,6,SSP1-2.6,14.797378876820048
2041,7,SSP1-2.6,18.06151192360488
2041,8,SSP1-2.6,19.30391622007113
2041,9,SSP1-2.6,18.223543659494215
2041,10,SSP1-2.6,15.529346199619352
2041,11,SSP1-2.6,12.165800589286908
2041,12,SSP1-2.6,9.26426959357844
2042,1,SSP1-2.6,7.391267579583924
2042,2,SSP1-2.6,6.5503151816875596
2042,3,SSP1-2.6,6.693571233845296
2042,4,SSP1-2.6,8.120392804579039
2042,5,SSP1-2.6,11.112843959275937
2042,6,SSP1-2.6,14.726957025415116
2042,7,SSP1-2.6,17.904184350155543
2042,8,SSP1-2.6,18.97899080349833
2042,9,SSP1-2.6,18.166882983921635
2042,10,SSP1-2.6,15.483360392430756
2042,11,SSP1-2.6,12.444495719416548
2042,12,SSP1-2.6,9.616433799729704
2043,1,SSP1-2.6,7.484916860103673
2043,2,SSP1-2.6,6.620429471709006
2043,3,SSP1-2.6,6.487417633789627
2043,4,SSP1-2.6,8.027527576966937
2043,5,SSP1-2.6,11.048661599429211
2043,6,SSP1-2.6,14.862341759453784
2043,7,SSP1-2.6,17.85352323841183
2043,8,SSP1-2.6,19.22729344547264
2043,9,SSP1-2.6,18.213366426068475
2043,10,SSP1-2.6,15.756793287298759
2043,11,SSP1-2.6,12.426444520381676
2043,12,SSP1-2.6,9.762430986180568
2044,1,SSP1-2.6,7.751953674145144
2044,2,SSP1-2.6,6.745081974939986
2044,3,SSP1-2.6,6.789812177708594
2044,4,SSP1-2.6,8.078038787187102
2044,5,SSP1-2.6,10.893337147818364
2044,6,SSP1-2.6,14.530255306524628
2044,7,SSP1-2.6,18.072161682302546
2044,8,SSP1-2.6,19.212387116724585
2044,9,SSP1-2.6,18.44353251876223
2044,10,SSP1-2.6,15.906179034901324
2044,11,SSP1-2.6,12.604174022657208
2044,12,SSP1-2.6,9.499579649005303
2045,1,SSP1-2.6,7.50605272621765
2045,2,SSP1-2.6,6.472885421000697
2045,3,SSP1-2.6,6.664869768716871
2045,4,SSP1-2.6,8.18194697985268
2045,5,SSP1-2.6,11.035341642451936
2045,6,SSP1-2.6,14.880500166323003
2045,7,SSP1-2.6,17.944520461974097
2045,8,SSP1-2.6,19.28613052064261
2045,9,SSP1-2.6,18.49395138105513
2045,10,SSP1-2.6,16.127215361640438
2045,11,SSP1-2.6,12.758802630872239
2045,12,SSP1-2.6,9.843159157916052
2046,1,SSP1-2.6,7.4364704145831135
2046,2,SSP1-2.6,6.418317385222971
2046,3,SSP1-2.6,6.586839232092962
2046,4,SSP1-2.6,8.137608608308783
2046,5,SSP1-2.6,11.124109347982417
2046,6,SSP1-2.6,14.646345376384986
2046,7,SSP1-2.6,18.088452643208186
2046,8,SSP1-2.6,19.405832497010095
2046,9,SSP1-2.6,18.43914331076573
2046,10,SSP1-2.6,16.054775728766277
2046,11,SSP1-2.6,12.740116095303588
2046,12,SSP1-2.6,9.700954514386972
2047,1,SSP1-2.6,7.523919047673561
2047,2,SSP1-2.6,6.296819343746098
2047,3,SSP1-2.6,6.619376601737087
2047,4,SSP1-2.6,8.188144373238936
2047,5,SSP1-2.6,11.179124796129665
2047,6,SSP1-2.6,14.94653104211438
2047,7,SSP1-2.6,18.403710692437368
2047,8,SSP1-2.6,19.2334244885662
2047,9,SSP1-2.6,18.153438034641283
2047,10,SSP1-2.6,15.997948297264136
2047,11,SSP1-2.6,12.821906807064233
2047,12,SSP1-2.6,9.792285719529746
2048,1,SSP1-2.6,7.349878873635978
2048,2,SSP1-2.6,6.251176849140218
2048,3,SSP1-2.6,6.43786169097615
2048,4,SSP1-2.6,7.9769023408872615
2048,5,SSP1-2.6,11.194832005221945
2048,6,SSP1-2.6,15.293872620262023
2048,7,SSP1-2.6,17.972276641960544
2048,8,SSP1-2.6,19.18694002408525
2048,9,SSP1-2.6,17.96835904368696
2048,10,SSP1-2.6,15.773339411566784
2048,11,SSP1-2.6,12.411171309191197
2048,12,SSP1-2.6,9.766924516287109
2049,1,SSP1-2.6,7.923466157072603
2049,2,SSP1-2.6,6.693339887494691
2049,3,SSP1-2.6,6.615084174032422
2049,4,SSP1-2.6,7.993311147687758
2049,5,SSP1-2.6,11.07353633508218
2049,6,SSP1-2.6,15.07045529714656
2049,7,SSP1-2.6,17.987952268999457
2049,8,SSP1-2.6,19.415233897145377
2049,9,SSP1-2.6,18.4575902207761
2049,10,SSP1-2.6,16.046241933736813
2049,11,SSP1-2.6,12.835973449876988
2049,12,SSP1-2.6,9.987838874077406
2050,1,SSP1-2.6,7.890734716961686
2050,2,SSP1-2.6,6.629097465498204
2050,3,SSP1-2.6,6.8772857614436065
2050,4,SSP1-2.6,8.22341509530638
2050,5,SSP1-2.6,11.158720716013589
2050,6,SSP1-2.6,14.7599605322965
2050,7,SSP1-2.6,18.247776830473892
2050,8,SSP1-2.6,19.272270195524577
2050,9,SSP1-2.6,18.523648448252192
2050,10,SSP1-2.6,16.28179968074752
2050,11,SSP1-2.6,12.900360654758316
2050,12,SSP1-2.6,9.754895874166055
2051,1,SSP1-2.6,7.904028642879001
2051,2,SSP1-2.6,6.818637604722834
2051,3,SSP1-2.6,6.740401132158795
2051,4,SSP1-2.6,8.328926316798658
2051,5,SSP1-2.6,11.092100921791683
2051,6,SSP1-2.6,14.77065162688714
2051,7,SSP1-2.6,18.19901087105434
2051,8,SSP1-2.6,19.10270489891184
2051,9,SSP1-2.6,18.30549580956104
2051,10,SSP1-2.6,15.815603762507273
2051,11,SSP1-2.6,12.555214685038155
2051,12,SSP1-2.6,9.598567122137105
2052,1,SSP1-2.6,7.643903332341131
2052,2,SSP1-2.6,6.625394823139754
2052,3,SSP1-2.6,6.695295396244233
2052,4,SSP1-2.6,8.153850548947947
2052,5,SSP1-2.6,11.18825572733018
2052,6,SSP1-2.6,14.792756558339113
2052,7,SSP1-2.6,17.955876132126015
2052,8,SSP1-2.6,19.194278271316364
2052,9,SSP1-2.6,18.3525251238047
2052,10,SSP1-2.6,15.758645593892563
2052,11,SSP1-2.6,12.642666740744472
2052,12,SSP1-2.6,9.667186809304384
2053,1,SSP1-2.6,7.754914348058559
2053,2,SSP1-2.6,6.654398406345129
2053,3,SSP1-2.6,6.639158743961449
2053,4,SSP1-2.6,8.160858536146174
2053,5,SSP1-2.6,11.023440842355457
2053,6,SSP1-2.6,15.046813433800741
2053,7,SSP1-2.6,18.07336286120382
2053,8,SSP1-2.6,19.16194243446845
2053,9,SSP1-2.6,18.419490359899807
2053,10,SSP1-2.6,16.175327500632605
2053,11,SSP1-2.6,13.035509071843917
2053,12,SSP1-2.6,10.014632460747771
2054,1,SSP1-2.6,7.88065501285317
2054,2,SSP1-2.6,6.590631759956324
2054,3,SSP1-2.6,6.678738685696021
2054,4,SSP1-2.6,8.189993547646097
2054,5,SSP1-2.6,11.089964286309801
2054,6,SSP1-2.6,15.135755455646404
2054,7,SSP1-2.6,17.934742666840197
2054,8,SSP1-2.6,19.207215273871824
2054,9,SSP1-2.6,18.314344829224723
2054,10,SSP1-2.6,15.952773470372303
2054,11,SSP1-2.6,12.750924082613166
2054,12,SSP1-2.6,9.752009074900425
2055,1,SSP1-2.6,7.43631926712015
2055,2,SSP1-2.6,6.303708857656932
2055,3,SSP1-2.6,6.563560889427791
2055,4,SSP1-2.6,8.100138682126282
2055,5,SSP1-2.6,11.06631056418079
2055,6,SSP1-2.6,15.092998200823992
2055,7,SSP1-2.6,18.29281643115328
2055,8,SSP1-2.6,19.614233696513846
2055,9,SSP1-2.6,18.63356878783542
2055,10,SSP1-2.6,16.129949551498576
2055,11,SSP1-2.6,12.86014242323709
2055,12,SSP1-2.6,9.849272300417805
2056,1,SSP1-2.6,7.838356845018055
2056,2,SSP1-2.6,6.365302349937948
2056,3,SSP1-2.6,6.453224187353218
2056,4,SSP1-2.6,8.093368308058153
2056,5,SSP1-2.6,11.127629123543926
2056,6,SSP1-2.6,14.731839134079568
2056,7,SSP1-2.6,18.106914301727446
2056,8,SSP1-2.6,19.284275964542836
2056,9,SSP1-2.6,18.2201877293515
2056,10,SSP1-2.6,15.775380483381364
2056,11,SSP1-2.6,12.494464177707757
2056,12,SSP1-2.6,9.568037043102022
2057,1,SSP1-2.6,7.44536421110945
2057,2,SSP1-2.6,6.532303359119667
2057,3,SSP1-2.6,6.708722002524335
2057,4,SSP1-2.6,8.228636099315464
2057,5,SSP1-2.6,11.289146602335904
2057,6,SSP1-2.6,15.04544155886262
2057,7,SSP1-2.6,18.077509200827215
2057,8,SSP1-2.6,19.48891136568925
2057,9,SSP1-2.6,18.37098133713913
2057,10,SSP1-2.6,15.817000519944932
2057,11,SSP1-2.6,12.461945384633628
2057,12,SSP1-2.6,9.704082982800147
2058,1,SSP1-2.6,7.571847720154555
2058,2,SSP1-2.6,6.530942236025355
2058,3,SSP1-2.6,6.3788500384331295
2058,4,SSP1-2.6,7.809240351284819
2058,5,SSP1-2.6,11.12313364802924
2058,6,SSP1-2.6,14.913326841540933
2058,7,SSP1-2.6,18.26671370284885
2058,8,SSP1-2.6,19.485048393438806
2058,9,SSP1-2.6,18.47376416823804
2058,10,SSP1-2.6,16.070062827572187
2058,11,SSP1-2.6,12.652732437940207
2058,12,SSP1-2.6,9.845476747640989
2059,1,SSP1-2.6,7.833906773047688
2059,2,SSP1-2.6,6.67688933100656
2059,3,SSP1-2.6,6.890368903052603
2059,4,SSP1-2.6,8.451546124825697
2059,5,SSP1-2.6,11.356902086790493
2059,6,SSP1-2.6,15.019160493250462
2059,7,SSP1-2.6,18.11548677826064
2059,8,SSP1-2.6,19.314807932315606
2059,9,SSP1-2.6,18.4583439447284
2059,10,SSP1-2.6,16.120123516731002
2059,11,SSP1-2.6,12.7429529610359
2059,12,SSP1-2.6,9.791822944671841
2060,1,SSP1-2.6,7.565749433268587
2060,2,SSP1-2.6,6.4071435538843415
2060,3,SSP1-2.6,6.523909715181531
2060,4,SSP1-2.6,7.982003603872798
2060,5,SSP1-2.6,11.031063339165874
2060,6,SSP1-2.6,14.95578343458466
2060,7,SSP1-2.6,18.135863636867416
2060,8,SSP1-2.6,19.31294863565673
2060,9,SSP1-2.6,18.302353448303542
2060,10,SSP1-2.6,16.009476671890617
2060,11,SSP1-2.6,12.92688744382602
2060,12,SSP1-2.6,10.034751968808331
2061,1,SSP1-2.6,7.71229061902947
2061,2,SSP1-2.6,6.542272017529448
2061,3,SSP1-2.6,6.8168779724279105
2061,4,SSP1-2.6,8.435954705326749
2061,5,SSP1-2.6,11.564269319908217
2061,6,SSP1-2.6,15.284834009926248
2061,7,SSP1-2.6,18.212434709496286
2061,8,SSP1-2.6,19.612159421731658
2061,9,SSP1-2.6,18.540822151690097
2061,10,SSP1-2.6,16.078909968493747
2061,11,SSP1-2.6,12.783879701943743
2061,12,SSP1-2.6,9.9631709671194
2062,1,SSP1-2.6,8.135680730330344
2062,2,SSP1-2.6,6.944180541211585
2062,3,SSP1-2.6,6.884210078763755
2062,4,SSP1-2.6,8.520854186000003
2062,5,SSP1-2.6,11.372611033163423
2062,6,SSP1-2.6,15.045639552316608
2062,7,SSP1-2.6,18.012810234320824
2062,8,SSP1-2.6,19.457390079579703
2062,9,SSP1-2.6,18.521106286925075
2062,10,SSP1-2.6,16.071298975447853
2062,11,SSP1-2.6,12.864163757635684
2062,12,SSP1-2.6,9.865794461361265
2063,1,SSP1-2.6,7.549705829972604
2063,2,SSP1-2.6,6.530236271650739
2063,3,SSP1-2.6,6.607967234021558
2063,4,SSP1-2.6,8.122012819732534
2063,5,SSP1-2.6,11.372588169117424
2063,6,SSP1-2.6,15.307682796670788
2063,7,SSP1-2.6,18.270622496904025
2063,8,SSP1-2.6,19.589755845356123
2063,9,SSP1-2.6,18.831716883079057
2063,10,SSP1-2.6,16.285813749001463
2063,11,SSP1-2.6,13.215049194353067
2063,12,SSP1-2.6,10.131904703008757
2064,1,SSP1-2.6,7.719152019024431
2064,2,SSP1-2.6,6.4805467815747795
2064,3,SSP1-2.6,6.564121836857534
2064,4,SSP1-2.6,7.933641279761856
2064,5,SSP1-2.6,10.996125684055842
2064,6,SSP1-2.6,14.876725543682932
2064,7,SSP1-2.6,18.238535029532425
2064,8,SSP1-2.6,19.45009773893849
2064,9,SSP1-2.6,18.56538449123063
2064,10,SSP1-2.6,16.124745566552175
2064,11,SSP1-2.6,12.794177671729528
2064,12,SSP1-2.6,9.711489659619396
2065,1,SSP1-2.6,7.850815747482167
2065,2,SSP1-2.6,6.758541154243229
2065,3,SSP1-2.6,6.8594878915645365
2065,4,SSP1-2.6,8.337236436390198
2065,5,SSP1-2.6,11.41189719863109
2065,6,SSP1-2.6,15.111723045403616
2065,7,SSP1-2.6,18.10974451797031
2065,8,SSP1-2.6,19.239120753832402
2065,9,SSP1-2.6,18.37942783192134
2065,10,SSP1-2.6,16.011783754035548
2065,11,SSP1-2.6,12.791213002088451
2065,12,SSP1-2.6,9.959414312677065
2066,1,SSP1-2.6,7.706563693250309
2066,2,SSP1-2.6,6.709807649058768
2066,3,SSP1-2.6,6.537500783944153
2066,4,SSP1-2.6,8.22906590865106
2066,5,SSP1-2.6,11.245104503857947
2066,6,SSP1-2.6,14.832828788513964
2066,7,SSP1-2.6,17.9235502974003
2066,8,SSP1-2.6,19.3993858159241
2066,9,SSP1-2.6,18.353843151450103
2066,10,SSP1-2.6,15.842602651413658
2066,11,SSP1-2.6,12.731282505748068
2066,12,SSP1-2.6,9.848952312132058
2067,1,SSP1-2.6,7.768174633582097
2067,2,SSP1-2.6,6.428532271695991
2067,3,SSP1-2.6,6.597255047320306
2067,4,SSP1-2.6,8.19241605243534
2067,5,SSP1-2.6,11.295659022921297
2067,6,SSP1-2.6,15.140309690568303
2067,7,SSP1-2.6,18.083755224191314
2067,8,SSP1-2.6,19.284890189539812
2067,9,SSP1-2.6,18.438591004781205
2067,10,SSP1-2.6,16.146414208836795
2067,11,SSP1-2.6,13.011452545155786
2067,12,SSP1-2.6,9.881088034048748
2068,1,SSP1-2.6,7.74125427077263
2068,2,SSP1-2.6,6.719304835996604
2068,3,SSP1-2.6,6.817773986109734
2068,4,SSP1-2.6,8.250142175870335
2068,5,SSP1-2.6,11.326893797420635
2068,6,SSP1-2.6,15.009555913939929
2068,7,SSP1-2.6,17.929409652234458
2068,8,SSP1-2.6,19.149850083319063
2068,9,SSP1-2.6,18.313717775169856
2068,10,SSP1-2.6,16.028622641898156
2068,11,SSP1-2.6,12.846438679210987
2068,12,SSP1-2.6,9.818804556138636
2069,1,SSP1-2.6,7.6763244477163
2069,2,SSP1-2.6,6.751361499906124
2069,3,SSP1-2.6,7.009805625404277
2069,4,SSP1-2.6,8.413658960415365
2069,5,SSP1-2.6,11.378987124624436
2069,6,SSP1-2.6,15.175554930298924
2069,7,SSP1-2.6,18.399565348286025
2069,8,SSP1-2.6,19.630464409626757
2069,9,SSP1-2.6,18.579133876438036
2069,10,SSP1-2.6,16.217810440472437
2069,11,SSP1-2.6,13.035251418116804
2069,12,SSP1-2.6,10.074459894311975
2070,1,SSP1-2.6,7.961566271222517
2070,2,SSP1-2.6,6.86119332714811
2070,3,SSP1-2.6,6.986851985618744
2070,4,SSP1-2.6,8.358110154977215
2070,5,SSP1-2.6,11.448241677208056
2070,6,SSP1-2.6,14.966161274419967
2070,7,SSP1-2.6,17.9500658175402
2070,8,SSP1-2.6,19.12137404324775
2070,9,SSP1-2.6,18.303358068758424
2070,10,SSP1-2.6,15.804319190780047
2070,11,SSP1-2.6,12.53121455180294
2070,12,SSP1-2.6,9.618579589817573
2071,1,SSP1-2.6,7.752171635119187
2071,2,SSP1-2.6,6.854067497280522
2071,3,SSP1-2.6,6.561547395030525
2071,4,SSP1-2.6,8.089036384618442
2071,5,SSP1-2.6,11.220737032022296
2071,6,SSP1-2.6,14.917612108098599
2071,7,SSP1-2.6,18.2629692648116
2071,8,SSP1-2.6,19.344556527944764
2071,9,SSP1-2.6,18.34599517411649
2071,10,SSP1-2.6,16.016283414762917
2071,11,SSP1-2.6,12.72757089742544
2071,12,SSP1-2.6,9.915383236789436
2072,1,SSP1-2.6,7.757553923443502
2072,2,SSP1-2.6,6.626113366141942
2072,3,SSP1-2.6,6.473807133232448
2072,4,SSP1-2.6,8.02337570186934
2072,5,SSP1-2.6,11.012309008597269
2072,6,SSP1-2.6,14.818096438321719
2072,7,SSP1-2.6,17.962618499485963
2072,8,SSP1-2.6,19.225148678849585
2072,9,SSP1-2.6,18.382246689896196
2072,10,SSP1-2.6,15.911473900053739
2072,11,SSP1-2.6,12.646470302564428
2072,12,SSP1-2.6,9.748820819877448
2073,1,SSP1-2.6,7.907586453124618
2073,2,SSP1-2.6,6.991242483541942
2073,3,SSP1-2.6,6.897198089227713
2073,4,SSP1-2.6,8.433847561901933
2073,5,SSP1-2.6,11.221215404182749
2073,6,SSP1-2.6,15.005357368309584
2073,7,SSP1-2.6,18.410915331643412
2073,8,SSP1-2.6,19.340243454429324
2073,9,SSP1-2.6,18.38632919314462
2073,10,SSP1-2.6,16.137274412132953
2073,11,SSP1-2.6,13.152174132091083
2073,12,SSP1-2.6,10.222709721168414
2074,1,SSP1-2.6,8.182937424085724
2074,2,SSP1-2.6,6.913273824626939
2074,3,SSP1-2.6,6.941079590704912
2074,4,SSP1-2.6,8.48561804740482
2074,5,SSP1-2.6,11.618379645080916
2074,6,SSP1-2.6,15.029413649198972
2074,7,SSP1-2.6,18.34433576313869
2074,8,SSP1-2.6,19.276614783350905
2074,9,SSP1-2.6,18.34424898054681
2074,10,SSP1-2.6,16.087638976241895
2074,11,SSP1-2.6,12.843775714824453
2074,12,SSP1-2.6,9.789350401918947
2075,1,SSP1-2.6,7.778912794083255
2075,2,SSP1-2.6,6.780750528461473
2075,3,SSP1-2.6,6.849356351762433
2075,4,SSP1-2.6,8.34314191504446
2075,5,SSP1-2.6,11.323042511098786
2075,6,SSP1-2.6,15.103520472184016
2075,7,SSP1-2.6,18.112436689287264
2075,8,SSP1-2.6,19.146229973865847
2075,9,SSP1-2.6,18.048926009102825
2075,10,SSP1-2.6,15.707776981718188
2075,11,SSP1-2.6,12.797033034427276
2075,12,SSP1-2.6,9.883874815215467
2076,1,SSP1-2.6,7.767538167429601
2076,2,SSP1-2.6,6.68394968583998
2076,3,SSP1-2.6,6.78564453351514
2076,4,SSP1-2.6,8.256315672516374
2076,5,SSP1-2.6,11.565489487411378
2076,6,SSP1-2.6,15.14788825649606
2076,7,SSP1-2.6,18.31508267669175
2076,8,SSP1-2.6,19.460884892922515
2076,9,SSP1-2.6,18.687657069117844
2076,10,SSP1-2.6,16.07802019457002
2076,11,SSP1-2.6,12.834376403344327
2076,12,SSP1-2.6,10.013549453428116
2077,1,SSP1-2.6,7.921026382951386
2077,2,SSP1-2.6,6.804840260680746
2077,3,SSP1-2.6,6.840637675842501
2077,4,SSP1-2.6,8.47365316178946
2077,5,SSP1-2.6,11.47312835146621
2077,6,SSP1-2.6,15.486073575466683
2077,7,SSP1-2.6,18.21973578253135
2077,8,SSP1-2.6,19.40989132692477
2077,9,SSP1-2.6,18.534794702825227
2077,10,SSP1-2.6,16.268944534785
2077,11,SSP1-2.6,12.97227985134322
2077,12,SSP1-2.6,9.891140548221715
2078,1,SSP1-2.6,7.728517266905096
2078,2,SSP1-2.6,6.9186526991787245
2078,3,SSP1-2.6,6.971303488935156
2078,4,SSP1-2.6,8.472258122448658
2078,5,SSP1-2.6,11.412029042281794
2078,6,SSP1-2.6,15.149304523302076
2078,7,SSP1-2.6,17.929551233016134
2078,8,SSP1-2.6,19.217377151944643
2078,9,SSP1-2.6,18.402609585669165
2078,10,SSP1-2.6,15.97978932547254
2078,11,SSP1-2.6,12.791297130315725
2078,12,SSP1-2.6,9.853927371309354
2079,1,SSP1-2.6,7.727707376136218
2079,2,SSP1-2.6,6.70112673085051
2079,3,SSP1-2.6,6.7461200920975974
2079,4,SSP1-2.6,8.255348109330935
2079,5,SSP1-2.6,11.257146972484296
2079,6,SSP1-2.6,14.974189612310841
2079,7,SSP1-2.6,18.141990649665292
2079,8,SSP1-2.6,19.301138289839923
2079,9,SSP1-2.6,18.437579597411478
2079,10,SSP1-2.6,16.185791708215202
2079,11,SSP1-2.6,12.989730899313669
2079,12,SSP1-2.6,10.040114970048757
2080,1,SSP1-2.6,7.84778745128459
2080,2,SSP1-2.6,6.936165754193481
2080,3,SSP1-2.6,6.962311464108221
2080,4,SSP1-2.6,8.602859876414415
2080,5,SSP1-2.6,11.673205688749785
2080,6,SSP1-2.6,15.271089121201443
2080,7,SSP1-2.6,18.30637534855085
2080,8,SSP1-2.6,19.504092050377828
2080,9,SSP1-2.6,18.468177869765643
2080,10,SSP1-2.6,15.893457986740636
2080,11,SSP1-2.6,12.577743973131991
2080,12,SSP1-2.6,9.835028609665393
2081,1,SSP1-2.6,7.82462196049475
2081,2,SSP1-2.6,6.760906906310638
2081,3,SSP1-2.6,6.645854483687265
2081,4,SSP1-2.6,8.215308270688242
2081,5,SSP1-2.6,11.139611863256004
2081,6,SSP1-2.6,14.943409246156197
2081,7,SSP1-2.6,18.52095422124469
2081,8,SSP1-2.6,19.365696201339613
2081,9,SSP1-2.6,18.497426470321845
2081,10,SSP1-2.6,16.269926317710425
2081,11,SSP1-2.6,13.024905528766736
2081,12,SSP1-2.6,10.162118722518523
2082,1,SSP1-2.6,8.050209191392687
2082,2,SSP1-2.6,6.869450848477737
2082,3,SSP1-2.6,6.955591446976182
2082,4,SSP1-2.6,8.647166017463285
2082,5,SSP1-2.6,11.633330717246196
2082,6,SSP1-2.6,15.294055181456528
2082,7,SSP1-2.6,18.443113161834827
2082,8,SSP1-2.6,19.489143229818307
2082,9,SSP1-2.6,18.613608321850993
2082,10,SSP1-2.6,16.003125634378193
2082,11,SSP1-2.6,12.936848130868691
2082,12,SSP1-2.6,10.027980026134871
2083,1,SSP1-2.6,7.924467706748666
2083,2,SSP1-2.6,6.794466272697891
2083,3,SSP1-2.6,6.6870800761206795
2083,4,SSP1-2.6,8.323140787460254
2083,5,SSP1-2.6,11.419611298903655
2083,6,SSP1-2.6,15.093470649071635
2083,7,SSP1-2.6,18.6610585122223
2083,8,SSP1-2.6,19.51825141338443
2083,9,SSP1-2.6,18.47681453054399
2083,10,SSP1-2.6,15.986055405027056
2083,11,SSP1-2.6,12.638849811246704
2083,12,SSP1-2.6,9.667371443533693
2084,1,SSP1-2.6,7.52550631561063
2084,2,SSP1-2.6,6.379620708907234
2084,3,SSP1-2.6,6.630940173157549
2084,4,SSP1-2.6,8.26711626343384
2084,5,SSP1-2.6,11.339920084574109
2084,6,SSP1-2.6,15.27908442716998
2084,7,SSP1-2.6,18.13559071181207
2084,8,SSP1-2.6,19.305499084120637
2084,9,SSP1-2.6,18.542935239020444
2084,10,SSP1-2.6,16.138107189940204
2084,11,SSP1-2.6,12.983558858573325
2084,12,SSP1-2.6,9.896109111779179
2085,1,SSP1-2.6,7.788044065320159
2085,2,SSP1-2.6,6.536843013652553
2085,3,SSP1-2.6,6.921775876571259
2085,4,SSP1-2.6,8.380835908654824
2085,5,SSP1-2.6,11.338537977974411
2085,6,SSP1-2.6,15.402938050555692
2085,7,SSP1-2.6,18.173561165142285
2085,8,SSP1-2.6,19.695740132260003
2085,9,SSP1-2.6,18.795244197336835
2085,10,SSP1-2.6,16.2620359097675
2085,11,SSP1-2.6,13.010082993321797
2085,12,SSP1-2.6,9.920046770192597
2086,1,SSP1-2.6,7.935182226323733
2086,2,SSP1-2.6,6.647732989595561
2086,3,SSP1-2.6,6.739717473291321
2086,4,SSP1-2.6,8.341321776993249
2086,5,SSP1-2.6,11.441563738576791
2086,6,SSP1-2.6,15.272376472205544
2086,7,SSP1-2.6,18.326966849704263
2086,8,SSP1-2.6,19.554517705271135
2086,9,SSP1-2.6,18.748891421591665
2086,10,SSP1-2.6,16.325984742300797
2086,11,SSP1-2.6,13.018023351217447
2086,12,SSP1-2.6,9.809598344757605
2087,1,SSP1-2.6,7.712662709353216
2087,2,SSP1-2.6,6.771995909699333
2087,3,SSP1-2.6,7.137250731050036
2087,4,SSP1-2.6,8.55833346899025
2087,5,SSP1-2.6,11.305307239004954
2087,6,SSP1-2.6,15.2238050077423
2087,7,SSP1-2.6,18.480376569502234
2087,8,SSP1-2.6,19.479922116823044
2087,9,SSP1-2.6,18.451765172568045
2087,10,SSP1-2.6,16.024227924707937
2087,11,SSP1-2.6,12.910121248360692
2087,12,SSP1-2.6,9.829535954936237
2088,1,SSP1-2.6,7.96687252195897
2088,2,SSP1-2.6,6.826598851412779
2088,3,SSP1-2.6,6.895130119786925
2088,4,SSP1-2.6,8.4943297149779209
2088,5,SSP1-2.6,11.775166871727617
2088,6,SSP1-2.6,15.735849113131897
2088,7,SSP1-2.6,18.585208173591866
2088,8,SSP1-2.6,19.592434556765618
2088,9,SSP1-2.6,18.550047542180188
2088,10,SSP1-2.6,16.278383818949777
2088,11,SSP1-2.6,12.999371474135517
2088,12,SSP1-2.6,9.858561968413406
2089,1,SSP1-2.6,7.777647728966925
2089,2,SSP1-2.6,6.803350254632902
2089,3,SSP1-2.6,6.622767557208814
2089,4,SSP1-2.6,8.109017743888002
2089,5,SSP1-2.6,11.301556276341193
2089,6,SSP1-2.6,15.193384053309071
2089,7,SSP1-2.6,18.130231535526534
2089,8,SSP1-2.6,19.505706145092756
2089,9,SSP1-2.6,18.669051081147988
2089,10,SSP1-2.6,16.449131146945042
2089,11,SSP1-2.6,13.372729117756915
2089,12,SSP1-2.6,10.099806391208663
2090,1,SSP1-2.6,7.867559642033921
2090,2,SSP1-2.6,6.818699891632836
2090,3,SSP1-2.6,6.822501297081835
2090,4,SSP1-2.6,8.316644477554396
2090,5,SSP1-2.6,11.495164454220966
2090,6,SSP1-2.6,15.361822629842985
2090,7,SSP1-2.6,18.21353299701592
2090,8,SSP1-2.6,19.379178051336616
2090,9,SSP1-2.6,18.459029250859775
2090,10,SSP1-2.6,16.006156600771774
2090,11,SSP1-2.6,12.929450692907384
2090,12,SSP1-2.6,9.973873148479667
2091,1,SSP1-2.6,7.568953814760331
2091,2,SSP1-2.6,6.605793628655974
2091,3,SSP1-2.6,6.703254056533752
2091,4,SSP1-2.6,8.182683289006535
2091,5,SSP1-2.6,11.21594843584747
2091,6,SSP1-2.6,15.004988077103857
2091,7,SSP1-2.6,17.914780455459503
2091,8,SSP1-2.6,19.282384905367916
2091,9,SSP1-2.6,18.577164479039148
2091,10,SSP1-2.6,16.10688001847433
2091,11,SSP1-2.6,12.716890155012143
2091,12,SSP1-2.6,9.882090473175543
2092,1,SSP1-2.6,7.6789626022916515
2092,2,SSP1-2.6,6.382592593792347
2092,3,SSP1-2.6,6.677622221661384
2092,4,SSP1-2.6,8.182508189324
2092,5,SSP1-2.6,11.27701551932655
2092,6,SSP1-2.6,14.99364375079553
2092,7,SSP1-2.6,18.20976884654744
2092,8,SSP1-2.6,19.371746777475867
2092,9,SSP1-2.6,18.480779961711953
2092,10,SSP1-2.6,16.204680416389266
2092,11,SSP1-2.6,12.91865578872371
2092,12,SSP1-2.6,9.989156537416049
2093,1,SSP1-2.6,7.944294285871796
2093,2,SSP1-2.6,6.627008224914855
2093,3,SSP1-2.6,6.557145777072229
2093,4,SSP1-2.6,8.050904514198693
2093,5,SSP1-2.6,11.381264284563168
2093,6,SSP1-2.6,15.512223858983925
2093,7,SSP1-2.6,18.29120015133748
2093,8,SSP1-2.6,19.630659292077166
2093,9,SSP1-2.6,18.64816859165968
2093,10,SSP1-2.6,16.099463468565858
2093,11,SSP1-2.6,12.51441986978086
2093,12,SSP1-2.6,9.570967765343497
2094,1,SSP1-2.6,7.613604358262891
2094,2,SSP1-2.6,6.8352534282986595
2094,3,SSP1-2.6,6.701394907898108
2094,4,SSP1-2.6,8.164846899891415
2094,5,SSP1-2.6,11.203958610277429
2094,6,SSP1-2.6,15.014506987808645
2094,7,SSP1-2.6,18.20932973441385
2094,8,SSP1-2.6,19.430898802922695
2094,9,SSP1-2.6,18.682490631853266
2094,10,SSP1-2.6,16.136413916308847
2094,11,SSP1-2.6,12.939965330894255
2094,12,SSP1-2.6,9.989996392013563
2095,1,SSP1-2.6,7.794512347511349
2095,2,SSP1-2.6,6.946449007066174
2095,3,SSP1-2.6,7.064992555893074
2095,4,SSP1-2.6,8.390604454148251
2095,5,SSP1-2.6,11.55195631388237
2095,6,SSP1-2.6,15.191094874880044
2095,7,SSP1-2.6,18.171149372409122
2095,8,SSP1-2.6,19.354137426960317
2095,9,SSP1-2.6,18.493336469987728
2095,10,SSP1-2.6,15.805601915317707
2095,11,SSP1-2.6,12.795829918570975
2095,12,SSP1-2.6,9.874223118920536
2096,1,SSP1-2.6,7.6758771985471546
2096,2,SSP1-2.6,6.47887551925811
2096,3,SSP1-2.6,6.676441993285605
2096,4,SSP1-2.6,8.398541984004902
2096,5,SSP1-2.6,11.40081371658636
2096,6,SSP1-2.6,15.446041076544343
2096,7,SSP1-2.6,18.54310951358339
2096,8,SSP1-2.6,19.45301339711172
2096,9,SSP1-2.6,18.475183782113426
2096,10,SSP1-2.6,16.105192350175468
2096,11,SSP1-2.6,12.839556807633857
2096,12,SSP1-2.6,9.6149453771436
2097,1,SSP1-2.6,7.5428597015507375
2097,2,SSP1-2.6,6.417981956533889
2097,3,SSP1-2.6,6.480466707165383
2097,4,SSP1-2.6,8.059559723408265
2097,5,SSP1-2.6,11.186131307456485
2097,6,SSP1-2.6,14.592754338931982
2097,7,SSP1-2.6,17.972429738638684
2097,8,SSP1-2.6,19.321034763060513
2097,9,SSP1-2.6,18.50883309970581
2097,10,SSP1-2.6,15.94643773737192
2097,11,SSP1-2.6,12.675701236053571
2097,12,SSP1-2.6,9.612840964165397
2098,1,SSP1-2.6,7.751028454978837
2098,2,SSP1-2.6,6.527345533387975
2098,3,SSP1-2.6,6.5738995420527315
2098,4,SSP1-2.6,8.07701179917681
2098,5,SSP1-2.6,11.261216943022136
2098,6,SSP1-2.6,15.191526319672104
2098,7,SSP1-2.6,18.362220149020928
2098,8,SSP1-2.6,19.481052672817547
2098,9,SSP1-2.6,18.575682509477158
2098,10,SSP1-2.6,16.329958095576092
2098,11,SSP1-2.6,13.08759762114664
2098,12,SSP1-2.6,10.037591340893332
2099,1,SSP1-2.6,7.942166510441902
2099,2,SSP1-2.6,6.624925037415907
2099,3,SSP1-2.6,6.74897357460318
2099,4,SSP1-2.6,8.155390705486395
2099,5,SSP1-2.6,11.3707607030161
2099,6,SSP1-2.6,14.80407925308378
2099,7,SSP1-2.6,17.90834707816532
2099,8,SSP1-2.6,19.309555139062414
2099,9,SSP1-2.6,18.60378490411845
2099,10,SSP1-2.6,16.281719978143304
2099,11,SSP1-2.6,12.978253793757364
2099,12,SSP1-2.6,9.892501948468162
