Year,Month,scenario,variable,rownum
1991,1,historical,6.385879517,1
1991,2,historical,5.981704712,2
1991,3,historical,5.603764057,3
1991,4,historical,7.543740273,4
1991,5,historical,10.60502529,5
1991,6,historical,13.73739529,6
1991,7,historical,15.75478458,7
1991,8,historical,16.44046402,8
1991,9,historical,15.61574364,9
1991,10,historical,13.35267258,10
1991,11,historical,9.839722633,11
1991,12,historical,7.294311523,12
1992,1,historical,6.385879517,1
1992,2,historical,5.981704712,2
1992,3,historical,5.603764057,3
1992,4,historical,7.543740273,4
1992,5,historical,10.60502529,5
1992,6,historical,13.73739529,6
1992,7,historical,15.75478458,7
1992,8,historical,16.44046402,8
1992,9,historical,15.61574364,9
1992,10,historical,13.35267258,10
1992,11,historical,9.839722633,11
1992,12,historical,7.294311523,12
1993,1,historical,6.385879517,1
1993,2,historical,5.981704712,2
1993,3,historical,5.603764057,3
1993,4,historical,7.543740273,4
1993,5,historical,10.60502529,5
1993,6,historical,13.73739529,6
1993,7,historical,15.75478458,7
1993,8,historical,16.44046402,8
1993,9,historical,15.61574364,9
1993,10,historical,13.35267258,10
1993,11,historical,9.839722633,11
1993,12,historical,7.294311523,12
1994,1,historical,6.60320425,13
1994,2,historical,5.486123562,14
1994,3,historical,5.99257803,15
1994,4,historical,7.706233501,16
1994,5,historical,10.54414749,17
1994,6,historical,13.00293541,18
1994,7,historical,16.75789642,19
1994,8,historical,18.08860397,20
1994,9,historical,16.07743454,21
1994,10,historical,13.57947636,22
1994,11,historical,12.08684158,23
1994,12,historical,10.05277252,24
1995,1,historical,7.223448753,25
1995,2,historical,7.17828846,26
1995,3,historical,6.934340477,27
1995,4,historical,8.240451813,28
1995,5,historical,10.69902134,29
1995,6,historical,12.93535614,30
1995,7,historical,16.17929649,31
1995,8,historical,18.61814308,32
1995,9,historical,17.08536339,33
1995,10,historical,15.25822067,34
1995,11,historical,12.26163864,35
1995,12,historical,8.277604103,36
1996,1,historical,5.804676533,37
1996,2,historical,3.779598951,38
1996,3,historical,4.175791264,39
1996,4,historical,5.987259865,40
1996,5,historical,8.73630619,41
1996,6,historical,12.41162968,42
1996,7,historical,14.87774849,43
1996,8,historical,16.87973022,44
1996,9,historical,15.77191734,45
1996,10,historical,13.98153877,46
1996,11,historical,11.11568165,47
1996,12,historical,7.483251095,48
1997,1,historical,3.661114693,49
1997,2,historical,4.438995838,50
1997,3,historical,6.436635971,51
1997,4,historical,7.863610744,52
1997,5,historical,10.45736313,53
1997,6,historical,13.59303665,54
1997,7,historical,15.99092865,55
1997,8,historical,18.47639847,56
1997,9,historical,17.24071884,57
1997,10,historical,14.60591984,58
1997,11,historical,11.49415779,59
1997,12,historical,9.095589638,60
1998,1,historical,7.061088085,61
1998,2,historical,5.821831226,62
1998,3,historical,6.576701641,63
1998,4,historical,8.393473625,64
1998,5,historical,11.42447186,65
1998,6,historical,14.27668762,66
1998,7,historical,16.07639885,67
1998,8,historical,17.33044815,68
1998,9,historical,16.24438095,69
1998,10,historical,13.61369419,70
1998,11,historical,9.918030739,71
1998,12,historical,7.124547482,72
1999,1,historical,7.275781631,73
1999,2,historical,6.030108452,74
1999,3,historical,6.560558796,75
1999,4,historical,8.654565811,76
1999,5,historical,11.53365231,77
1999,6,historical,14.24168873,78
1999,7,historical,16.81454086,79
1999,8,historical,17.92321014,80
1999,9,historical,17.9216671,81
1999,10,historical,14.60969353,82
1999,11,historical,11.28736401,83
1999,12,historical,8.158677101,84
2000,1,historical,6.622049332,85
2000,2,historical,6.317548275,86
2000,3,historical,6.815462112,87
2000,4,historical,7.988927364,88
2000,5,historical,11.00415993,89
2000,6,historical,13.74850941,90
2000,7,historical,15.15805817,91
2000,8,historical,17.1733284,92
2000,9,historical,16.98301888,93
2000,10,historical,14.53575897,94
2000,11,historical,11.08377266,95
2000,12,historical,9.179487228,96
2001,1,historical,6.744553566,97
2001,2,historical,6.365307808,98
2001,3,historical,6.093138218,99
2001,4,historical,7.578098297,100
2001,5,historical,10.31885815,101
2001,6,historical,13.33006859,102
2001,7,historical,16.32126236,103
2001,8,historical,17.87323952,104
2001,9,historical,16.24932861,105
2001,10,historical,15.09077644,106
2001,11,historical,11.93304825,107
2001,12,historical,8.800110817,108
2002,1,historical,6.355193138,109
2002,2,historical,7.257407665,110
2002,3,historical,7.467924595,111
2002,4,historical,8.910368919,112
2002,5,historical,11.23072147,113
2002,6,historical,14.33546066,114
2002,7,historical,16.12896729,115
2002,8,historical,18.37880516,116
2002,9,historical,17.72232437,117
2002,10,historical,14.53009129,118
2002,11,historical,11.75981236,119
2002,12,historical,8.745095253,120
2003,1,historical,6.840929985,121
2003,2,historical,5.426308155,122
2003,3,historical,6.215277195,123
2003,4,historical,7.894813538,124
2003,5,historical,11.00235558,125
2003,6,historical,14.68846989,126
2003,7,historical,17.30481911,127
2003,8,historical,19.1770153,128
2003,9,historical,17.88521385,129
2003,10,historical,14.19785786,130
2003,11,historical,11.05360603,131
2003,12,historical,8.906866074,132
2004,1,historical,6.387229919,133
2004,2,historical,5.769944668,134
2004,3,historical,5.517742634,135
2004,4,historical,8.077411652,136
2004,5,historical,11.16190529,137
2004,6,historical,14.38641453,138
2004,7,historical,16.47555733,139
2004,8,historical,18.57494354,140
2004,9,historical,17.00948334,141
2004,10,historical,14.00698566,142
2004,11,historical,11.25733757,143
2004,12,historical,8.370977402,144
2005,1,historical,7.038896084,145
2005,2,historical,5.686311722,146
2005,3,historical,4.974205494,147
2005,4,historical,7.389231205,148
2005,5,historical,10.21583748,149
2005,6,historical,13.50750732,150
2005,7,historical,16.5129776,151
2005,8,historical,17.07502747,152
2005,9,historical,17.51451302,153
2005,10,historical,15.65204716,154
2005,11,historical,12.8251152,155
2005,12,historical,8.515385628,156
2006,1,historical,5.977519035,157
2006,2,historical,4.971371651,158
2006,3,historical,4.426142693,159
2006,4,historical,6.865778923,160
2006,5,historical,10.30703831,161
2006,6,historical,13.32185459,162
2006,7,historical,17.34173965,163
2006,8,historical,18.20238304,164
2006,9,historical,17.8771801,165
2006,10,historical,16.31001472,166
2006,11,historical,12.59336853,167
2006,12,historical,10.06019402,168
2007,1,historical,8.391619682,169
2007,2,historical,7.214568615,170
2007,3,historical,7.909268856,171
2007,4,historical,9.50959301,172
2007,5,historical,12.15142822,173
2007,6,historical,14.85380745,174
2007,7,historical,16.36691475,175
2007,8,historical,17.54525757,176
2007,9,historical,16.72221184,177
2007,10,historical,14.60803699,178
2007,11,historical,11.24376869,179
2007,12,historical,8.33343792,180
2008,1,historical,7.129430294,181
2008,2,historical,6.833724976,182
2008,3,historical,6.808523178,183
2008,4,historical,7.893885136,184
2008,5,historical,11.45468044,185
2008,6,historical,14.34829521,186
2008,7,historical,16.53909111,187
2008,8,historical,17.6887722,188
2008,9,historical,16.62816048,189
2008,10,historical,13.855793,190
2008,11,historical,10.73410511,191
2008,12,historical,7.528897762,192
2009,1,historical,5.392636299,193
2009,2,historical,4.575044632,194
2009,3,historical,5.777458668,195
2009,4,historical,8.34236908,196
2009,5,historical,11.3346405,197
2009,6,historical,14.35212421,198
2009,7,historical,17.0764637,199
2009,8,historical,18.26461029,200
2009,9,historical,16.9552002,201
2009,10,historical,14.60375881,202
2009,11,historical,12.26865101,203
2009,12,historical,9.012817383,204
2010,1,historical,5.372740746,205
2010,2,historical,4.077969551,206
2010,3,historical,4.656576157,207
2010,4,historical,7.299186707,208
2010,5,historical,9.982901573,209
2010,6,historical,13.3102417,210
2010,7,historical,16.70035172,211
2010,8,historical,17.56511497,212
2010,9,historical,16.19769859,213
2010,10,historical,14.14595604,214
2010,11,historical,10.95875645,215
2010,12,historical,6.234472752,216
2011,1,historical,4.850758553,217
2011,2,historical,5.212569714,218
2011,3,historical,5.719484806,219
2011,4,historical,8.516165733,220
2011,5,historical,11.69620323,221
2011,6,historical,14.40077305,222
2011,7,historical,16.29531479,223
2011,8,historical,17.034729,224
2011,9,historical,16.39685249,225
2011,10,historical,14.7840538,226
2011,11,historical,12.47284698,227
2011,12,historical,8.956021309,228
2012,1,historical,7.107910156,229
2012,2,historical,4.885202408,230
2012,3,historical,6.041357994,231
2012,4,historical,7.905747414,232
2012,5,historical,10.38956928,233
2012,6,historical,13.44557667,234
2012,7,historical,16.08586693,235
2012,8,historical,17.88313675,236
2012,9,historical,16.8398571,237
2012,10,historical,13.83625507,238
2012,11,historical,10.73892975,239
2012,12,historical,7.71693182,240
2013,1,historical,6.452045918,241
2013,2,historical,4.956857681,242
2013,3,historical,4.09115696,243
2013,4,historical,5.071022034,244
2013,5,historical,8.924549103,245
2013,6,historical,12.23742867,246
2013,7,historical,15.7944355,247
2013,8,historical,17.85222816,248
2013,9,historical,16.95451355,249
2013,10,historical,14.62140274,250
2013,11,historical,11.34130669,251
2013,12,historical,8.236865997,252
2014,1,historical,7.501192093,253
2014,2,historical,7.083074093,254
2014,3,historical,7.48934269,255
2014,4,historical,9.366195679,256
2014,5,historical,12.06761074,257
2014,6,historical,15.17433834,258
2014,7,historical,17.61735153,259
2014,8,historical,18.3293972,260
2014,9,historical,17.48326683,261
2014,10,historical,15.80524063,262
2014,11,historical,12.94299889,263
2014,12,historical,9.177445412,264
2015,1,historical,6.847165108,265
2015,2,historical,5.633166313,266
2015,3,historical,5.956305027,267
2015,4,historical,7.725296974,268
2015,5,historical,10.67340088,269
2015,6,historical,13.45378494,270
2015,7,historical,16.48058891,271
2015,8,historical,17.63381195,272
2015,9,historical,16.48361969,273
2015,10,historical,14.36576366,274
2015,11,historical,12.22180843,275
2015,12,historical,9.843605995,276
2016,1,historical,8.268261909,277
2016,2,historical,7.108678818,278
2016,3,historical,6.519729614,279
2016,4,historical,8.266379356,280
2016,5,historical,10.77215004,281
2016,6,historical,14.13968086,282
2016,7,historical,16.86832619,283
2016,8,historical,18.35692787,284
2016,9,historical,18.82243156,285
2016,10,historical,15.55530071,286
2016,11,historical,11.6198473,287
2016,12,historical,8.741760254,288
2017,1,historical,6.497248173,289
2017,2,historical,5.634370327,290
2017,3,historical,6.778354168,291
2017,4,historical,8.955688477,292
2017,5,historical,11.34241295,293
2017,6,historical,15.18756676,294
2017,7,historical,17.6715126,295
2017,8,historical,18.36107254,296
2017,9,historical,17.21121597,297
2017,10,historical,14.97606564,298
2017,11,historical,11.64225578,299
2017,12,historical,7.936380386,300
2018,1,historical,6.465556622,301
2018,2,historical,5.544045925,302
2018,3,historical,4.281391621,303
2018,4,historical,6.936476707,304
2018,5,historical,10.75844955,305
2018,6,historical,14.64610577,306
2018,7,historical,17.81598282,307
2018,8,historical,19.29794312,308
2018,9,historical,17.63835335,309
2018,10,historical,14.36976528,310
2018,11,historical,11.70774078,311
2018,12,historical,9.151117325,312
2019,1,historical,7.088950157,313
2019,2,historical,6.134572029,314
2019,3,historical,7.063904762,315
2019,4,historical,8.814171791,316
2019,5,historical,11.314291,317
2019,6,historical,14.60702801,318
2019,7,historical,17.37417221,319
2019,8,historical,18.71311378,320
2019,9,historical,17.51757622,321
2019,10,historical,15.01301765,322
2019,11,historical,11.59742928,323
2019,12,historical,8.873211861,324
2020,1,historical,7.66330719,325
2020,2,historical,6.973277092,326
2020,3,historical,7.012852669,327
2020,4,historical,8.388180733,328
2020,5,historical,11.25397587,329
2020,6,historical,14.40930748,330
2020,7,historical,16.63770294,331
2020,8,historical,18.92661095,332
2020,9,historical,17.61056709,333
2020,10,historical,14.37946129,334
2020,11,historical,11.97118473,335
2020,12,historical,9.332306862,336
2021,1,historical,6.851955414,337
2021,2,historical,5.12219429,338
2021,3,historical,5.721496582,339
2021,4,historical,7.120631695,340
2021,5,historical,9.748437881,341
2021,6,historical,14.06567669,342
2021,7,historical,16.54363823,343
2021,8,historical,17.49016571,344
2021,9,historical,17.22283363,345
2021,10,historical,15.13332558,346
2021,11,historical,12.32955837,347
2021,12,historical,8.892771721,348
2022,1,historical,7.685877323,349
2022,2,historical,6.775377274,350
2022,3,historical,7.286589146,351
2022,4,historical,8.617494583,352
2022,5,historical,11.62366772,353
2022,6,historical,14.74354172,354
2022,7,historical,17.64821625,355
2022,8,historical,19.56302643,356
2022,9,historical,18.6157074,357
2022,10,historical,15.57048893,358
2022,11,historical,13.3444252,359
2022,12,historical,9.513949394,360
2023,1,historical,7.970965862,361
2023,2,historical,6.909663677,362
2023,3,historical,6.785986423,363
2023,4,historical,8.636415482,364
2023,5,historical,11.21925545,365
2023,6,historical,14.62217236,366
2023,7,historical,17.09449577,367
2023,8,historical,17.91104507,368
2023,9,historical,18.47374344,369
2023,10,historical,16.05213928,370
2023,11,historical,12.23676395,371
2023,12,historical,9.063727379,372
2024,1,historical,7.370977879,373
2024,2,historical,7.0357728,374
2024,3,historical,7.933332443,375
2024,4,historical,9.558338165,376
2024,5,historical,12.16653347,377
2024,6,historical,14.61301517,378
2024,7,historical,16.78367996,379
2024,8,historical,18.63516998,380
2024,9,historical,17.79010963,381
2024,10,historical,15.01714325,382
2024,11,historical,12.47899246,383
2024,12,historical,9.22262764,384
2025,1,SSP1-2.6,7.757210114,385
2025,2,SSP1-2.6,6.654051007,386
2025,3,SSP1-2.6,6.792842155,387
2025,4,SSP1-2.6,8.391736378,388
2025,5,SSP1-2.6,11.20751573,389
2025,6,SSP1-2.6,14.7781338,390
2025,7,SSP1-2.6,17.79977315,391
2025,8,SSP1-2.6,18.91979764,392
2025,9,SSP1-2.6,18.05984599,393
2025,10,SSP1-2.6,15.87679468,394
2025,11,SSP1-2.6,12.76953431,395
2025,12,SSP1-2.6,9.72162263,396
2026,1,SSP1-2.6,7.682853022,397
2026,2,SSP1-2.6,6.47257615,398
2026,3,SSP1-2.6,6.458909554,399
2026,4,SSP1-2.6,7.853589111,400
2026,5,SSP1-2.6,10.75359768,401
2026,6,SSP1-2.6,14.90098729,402
2026,7,SSP1-2.6,17.9187431,403
2026,8,SSP1-2.6,18.79440546,404
2026,9,SSP1-2.6,17.76092767,405
2026,10,SSP1-2.6,15.52055896,406
2026,11,SSP1-2.6,12.43537798,407
2026,12,SSP1-2.6,9.696565461,408
2027,1,SSP1-2.6,7.578105463,409
2027,2,SSP1-2.6,6.428512477,410
2027,3,SSP1-2.6,6.39747159,411
2027,4,SSP1-2.6,8.023609455,412
2027,5,SSP1-2.6,10.9915659,413
2027,6,SSP1-2.6,14.527387,414
2027,7,SSP1-2.6,17.54872333,415
2027,8,SSP1-2.6,18.97522292,416
2027,9,SSP1-2.6,18.03942666,417
2027,10,SSP1-2.6,15.40105751,418
2027,11,SSP1-2.6,12.36554814,419
2027,12,SSP1-2.6,9.582747953,420
2028,1,SSP1-2.6,7.53579983,421
2028,2,SSP1-2.6,6.46669025,422
2028,3,SSP1-2.6,6.593240423,423
2028,4,SSP1-2.6,7.970145953,424
2028,5,SSP1-2.6,11.18392747,425
2028,6,SSP1-2.6,14.39060179,426
2028,7,SSP1-2.6,17.36129497,427
2028,8,SSP1-2.6,18.89803773,428
2028,9,SSP1-2.6,18.00736819,429
2028,10,SSP1-2.6,15.61646615,430
2028,11,SSP1-2.6,12.42849095,431
2028,12,SSP1-2.6,9.459783799,432
2029,1,SSP1-2.6,7.181982249,433
2029,2,SSP1-2.6,6.001636702,434
2029,3,SSP1-2.6,6.148770646,435
2029,4,SSP1-2.6,7.815533184,436
2029,5,SSP1-2.6,10.84827038,437
2029,6,SSP1-2.6,14.7368236,438
2029,7,SSP1-2.6,17.98040621,439
2029,8,SSP1-2.6,18.99452875,440
2029,9,SSP1-2.6,18.13345568,441
2029,10,SSP1-2.6,15.76594,442
2029,11,SSP1-2.6,12.44490652,443
2029,12,SSP1-2.6,9.531896297,444
2030,1,SSP1-2.6,7.363661006,445
2030,2,SSP1-2.6,6.370695872,446
2030,3,SSP1-2.6,6.449602828,447
2030,4,SSP1-2.6,7.87922584,448
2030,5,SSP1-2.6,10.86108882,449
2030,6,SSP1-2.6,14.63224464,450
2030,7,SSP1-2.6,17.47146595,451
2030,8,SSP1-2.6,18.63870081,452
2030,9,SSP1-2.6,17.86600264,453
2030,10,SSP1-2.6,15.63780803,454
2030,11,SSP1-2.6,12.58651252,455
2030,12,SSP1-2.6,9.737799024,456
2031,1,SSP1-2.6,7.541990574,457
2031,2,SSP1-2.6,6.108798551,458
2031,3,SSP1-2.6,5.919658042,459
2031,4,SSP1-2.6,7.676852741,460
2031,5,SSP1-2.6,10.84627399,461
2031,6,SSP1-2.6,14.73014228,462
2031,7,SSP1-2.6,17.77084568,463
2031,8,SSP1-2.6,18.88249643,464
2031,9,SSP1-2.6,17.99039164,465
2031,10,SSP1-2.6,15.61925051,466
2031,11,SSP1-2.6,12.4232013,467
2031,12,SSP1-2.6,9.589970347,468
2032,1,SSP1-2.6,7.561352813,469
2032,2,SSP1-2.6,6.396711717,470
2032,3,SSP1-2.6,6.251088545,471
2032,4,SSP1-2.6,7.812512634,472
2032,5,SSP1-2.6,10.78159463,473
2032,6,SSP1-2.6,14.65889,474
2032,7,SSP1-2.6,17.57432782,475
2032,8,SSP1-2.6,18.79141652,476
2032,9,SSP1-2.6,17.96891042,477
2032,10,SSP1-2.6,15.61820586,478
2032,11,SSP1-2.6,12.40590795,479
2032,12,SSP1-2.6,9.441813901,480
2033,1,SSP1-2.6,7.168197344,481
2033,2,SSP1-2.6,6.065928166,482
2033,3,SSP1-2.6,6.318717514,483
2033,4,SSP1-2.6,8.010185323,484
2033,5,SSP1-2.6,10.9648883,485
2033,6,SSP1-2.6,14.99349691,486
2033,7,SSP1-2.6,18.06795155,487
2033,8,SSP1-2.6,18.94542669,488
2033,9,SSP1-2.6,18.17414835,489
2033,10,SSP1-2.6,15.84626383,490
2033,11,SSP1-2.6,12.49080383,491
2033,12,SSP1-2.6,9.380105689,492
2034,1,SSP1-2.6,7.232967437,493
2034,2,SSP1-2.6,6.285507823,494
2034,3,SSP1-2.6,6.510481449,495
2034,4,SSP1-2.6,8.106443857,496
2034,5,SSP1-2.6,10.93077106,497
2034,6,SSP1-2.6,14.38135379,498
2034,7,SSP1-2.6,17.93162798,499
2034,8,SSP1-2.6,18.74672527,500
2034,9,SSP1-2.6,17.97680612,501
2034,10,SSP1-2.6,15.62987284,502
2034,11,SSP1-2.6,12.24699726,503
2034,12,SSP1-2.6,9.434913174,504
2035,1,SSP1-2.6,7.650837136,505
2035,2,SSP1-2.6,6.807179596,506
2035,3,SSP1-2.6,6.678253117,507
2035,4,SSP1-2.6,8.051774988,508
2035,5,SSP1-2.6,10.88355126,509
2035,6,SSP1-2.6,14.79320496,510
2035,7,SSP1-2.6,17.84658195,511
2035,8,SSP1-2.6,19.00094526,512
2035,9,SSP1-2.6,18.15662225,513
2035,10,SSP1-2.6,15.48772007,514
2035,11,SSP1-2.6,12.26075176,515
2035,12,SSP1-2.6,9.394191659,516
2036,1,SSP1-2.6,7.435401165,517
2036,2,SSP1-2.6,6.545770982,518
2036,3,SSP1-2.6,6.656354179,519
2036,4,SSP1-2.6,8.31038818,520
2036,5,SSP1-2.6,11.3397905,521
2036,6,SSP1-2.6,15.04251159,522
2036,7,SSP1-2.6,18.05789265,523
2036,8,SSP1-2.6,19.15830457,524
2036,9,SSP1-2.6,18.32287318,525
2036,10,SSP1-2.6,15.71604321,526
2036,11,SSP1-2.6,12.4014449,527
2036,12,SSP1-2.6,9.464362213,528
2037,1,SSP1-2.6,7.430499759,529
2037,2,SSP1-2.6,6.297712862,530
2037,3,SSP1-2.6,6.376857497,531
2037,4,SSP1-2.6,8.12878433,532
2037,5,SSP1-2.6,11.05849369,533
2037,6,SSP1-2.6,14.92990969,534
2037,7,SSP1-2.6,18.03218701,535
2037,8,SSP1-2.6,19.52131906,536
2037,9,SSP1-2.6,18.53480581,537
2037,10,SSP1-2.6,16.07034807,538
2037,11,SSP1-2.6,12.73095669,539
2037,12,SSP1-2.6,9.822784703,540
2038,1,SSP1-2.6,7.726550018,541
2038,2,SSP1-2.6,6.75978617,542
2038,3,SSP1-2.6,6.810991635,543
2038,4,SSP1-2.6,8.429073715,544
2038,5,SSP1-2.6,11.26001336,545
2038,6,SSP1-2.6,14.85999432,546
2038,7,SSP1-2.6,18.0294124,547
2038,8,SSP1-2.6,19.32771889,548
2038,9,SSP1-2.6,18.35193126,549
2038,10,SSP1-2.6,16.06386813,550
2038,11,SSP1-2.6,12.63205219,551
2038,12,SSP1-2.6,9.859124943,552
2039,1,SSP1-2.6,7.773044798,553
2039,2,SSP1-2.6,6.556366764,554
2039,3,SSP1-2.6,6.50244067,555
2039,4,SSP1-2.6,8.172726443,556
2039,5,SSP1-2.6,11.24165719,557
2039,6,SSP1-2.6,14.95989133,558
2039,7,SSP1-2.6,17.94866804,559
2039,8,SSP1-2.6,19.30995579,560
2039,9,SSP1-2.6,18.33288383,561
2039,10,SSP1-2.6,15.97224487,562
2039,11,SSP1-2.6,12.64593268,563
2039,12,SSP1-2.6,9.764410398,564
2040,1,SSP1-2.6,7.521238932,565
2040,2,SSP1-2.6,6.346472584,566
2040,3,SSP1-2.6,6.399660291,567
2040,4,SSP1-2.6,8.091254684,568
2040,5,SSP1-2.6,10.93696874,569
2040,6,SSP1-2.6,14.72335539,570
2040,7,SSP1-2.6,17.57615732,571
2040,8,SSP1-2.6,19.13665782,572
2040,9,SSP1-2.6,18.0593764,573
2040,10,SSP1-2.6,15.64428587,574
2040,11,SSP1-2.6,12.5427813,575
2040,12,SSP1-2.6,9.510190262,576
2041,1,SSP1-2.6,7.641827077,577
2041,2,SSP1-2.6,6.718986332,578
2041,3,SSP1-2.6,6.796778383,579
2041,4,SSP1-2.6,8.08179356,580
2041,5,SSP1-2.6,10.98046807,581
2041,6,SSP1-2.6,14.79737888,582
2041,7,SSP1-2.6,18.06151192,583
2041,8,SSP1-2.6,19.30391622,584
2041,9,SSP1-2.6,18.22354366,585
2041,10,SSP1-2.6,15.5293462,586
2041,11,SSP1-2.6,12.16580059,587
2041,12,SSP1-2.6,9.264269594,588
2042,1,SSP1-2.6,7.39126758,589
2042,2,SSP1-2.6,6.550315182,590
2042,3,SSP1-2.6,6.693571234,591
2042,4,SSP1-2.6,8.120392805,592
2042,5,SSP1-2.6,11.11284396,593
2042,6,SSP1-2.6,14.72695703,594
2042,7,SSP1-2.6,17.90418435,595
2042,8,SSP1-2.6,18.9789908,596
2042,9,SSP1-2.6,18.16688298,597
2042,10,SSP1-2.6,15.48336039,598
2042,11,SSP1-2.6,12.44449572,599
2042,12,SSP1-2.6,9.6164338,600
2043,1,SSP1-2.6,7.48491686,601
2043,2,SSP1-2.6,6.620429472,602
2043,3,SSP1-2.6,6.487417634,603
2043,4,SSP1-2.6,8.027527577,604
2043,5,SSP1-2.6,11.0486616,605
2043,6,SSP1-2.6,14.86234176,606
2043,7,SSP1-2.6,17.85352324,607
2043,8,SSP1-2.6,19.22729345,608
2043,9,SSP1-2.6,18.21336643,609
2043,10,SSP1-2.6,15.75679329,610
2043,11,SSP1-2.6,12.42644452,611
2043,12,SSP1-2.6,9.762430986,612
2044,1,SSP1-2.6,7.751953674,613
2044,2,SSP1-2.6,6.745081975,614
2044,3,SSP1-2.6,6.789812178,615
2044,4,SSP1-2.6,8.078038787,616
2044,5,SSP1-2.6,10.89333715,617
2044,6,SSP1-2.6,14.53025531,618
2044,7,SSP1-2.6,18.07216168,619
2044,8,SSP1-2.6,19.21238712,620
2044,9,SSP1-2.6,18.44353252,621
2044,10,SSP1-2.6,15.90617903,622
2044,11,SSP1-2.6,12.60417402,623
2044,12,SSP1-2.6,9.499579649,624
2045,1,SSP1-2.6,7.506052726,625
2045,2,SSP1-2.6,6.472885421,626
2045,3,SSP1-2.6,6.664869769,627
2045,4,SSP1-2.6,8.18194698,628
2045,5,SSP1-2.6,11.03534164,629
2045,6,SSP1-2.6,14.88050017,630
2045,7,SSP1-2.6,17.94452046,631
2045,8,SSP1-2.6,19.28613052,632
2045,9,SSP1-2.6,18.49395138,633
2045,10,SSP1-2.6,16.12721536,634
2045,11,SSP1-2.6,12.75880263,635
2045,12,SSP1-2.6,9.843159158,636
2046,1,SSP1-2.6,7.436470415,637
2046,2,SSP1-2.6,6.418317385,638
2046,3,SSP1-2.6,6.586839232,639
2046,4,SSP1-2.6,8.137608608,640
2046,5,SSP1-2.6,11.12410935,641
2046,6,SSP1-2.6,14.64634538,642
2046,7,SSP1-2.6,18.08845264,643
2046,8,SSP1-2.6,19.4058325,644
2046,9,SSP1-2.6,18.43914331,645
2046,10,SSP1-2.6,16.05477573,646
2046,11,SSP1-2.6,12.7401161,647
2046,12,SSP1-2.6,9.700954514,648
2047,1,SSP1-2.6,7.523919048,649
2047,2,SSP1-2.6,6.296819344,650
2047,3,SSP1-2.6,6.619376602,651
2047,4,SSP1-2.6,8.188144373,652
2047,5,SSP1-2.6,11.1791248,653
2047,6,SSP1-2.6,14.94653104,654
2047,7,SSP1-2.6,18.40371069,655
2047,8,SSP1-2.6,19.23342449,656
2047,9,SSP1-2.6,18.15343803,657
2047,10,SSP1-2.6,15.9979483,658
2047,11,SSP1-2.6,12.82190681,659
2047,12,SSP1-2.6,9.79228572,660
2048,1,SSP1-2.6,7.349878874,661
2048,2,SSP1-2.6,6.251176849,662
2048,3,SSP1-2.6,6.437861691,663
2048,4,SSP1-2.6,7.976902341,664
2048,5,SSP1-2.6,11.19483201,665
2048,6,SSP1-2.6,15.29387262,666
2048,7,SSP1-2.6,17.97227664,667
2048,8,SSP1-2.6,19.18694002,668
2048,9,SSP1-2.6,17.96835904,669
2048,10,SSP1-2.6,15.77333941,670
2048,11,SSP1-2.6,12.41117131,671
2048,12,SSP1-2.6,9.766924516,672
2049,1,SSP1-2.6,7.923466157,673
2049,2,SSP1-2.6,6.693339887,674
2049,3,SSP1-2.6,6.615084174,675
2049,4,SSP1-2.6,7.993311148,676
2049,5,SSP1-2.6,11.07353634,677
2049,6,SSP1-2.6,15.0704553,678
2049,7,SSP1-2.6,17.98795227,679
2049,8,SSP1-2.6,19.4152339,680
2049,9,SSP1-2.6,18.45759022,681
2049,10,SSP1-2.6,16.04624193,682
2049,11,SSP1-2.6,12.83597345,683
2049,12,SSP1-2.6,9.987838874,684
2050,1,SSP1-2.6,7.890734717,685
2050,2,SSP1-2.6,6.629097465,686
2050,3,SSP1-2.6,6.877285761,687
2050,4,SSP1-2.6,8.223415095,688
2050,5,SSP1-2.6,11.15872072,689
2050,6,SSP1-2.6,14.75996053,690
2050,7,SSP1-2.6,18.24777683,691
2050,8,SSP1-2.6,19.2722702,692
2050,9,SSP1-2.6,18.52364845,693
2050,10,SSP1-2.6,16.28179968,694
2050,11,SSP1-2.6,12.90036065,695
2050,12,SSP1-2.6,9.754895874,696
2051,1,SSP1-2.6,7.904028643,697
2051,2,SSP1-2.6,6.818637605,698
2051,3,SSP1-2.6,6.740401132,699
2051,4,SSP1-2.6,8.328926317,700
2051,5,SSP1-2.6,11.09210092,701
2051,6,SSP1-2.6,14.77065163,702
2051,7,SSP1-2.6,18.19901087,703
2051,8,SSP1-2.6,19.1027049,704
2051,9,SSP1-2.6,18.30549581,705
2051,10,SSP1-2.6,15.81560376,706
2051,11,SSP1-2.6,12.55521469,707
2051,12,SSP1-2.6,9.598567122,708
2052,1,SSP1-2.6,7.643903332,709
2052,2,SSP1-2.6,6.625394823,710
2052,3,SSP1-2.6,6.695295396,711
2052,4,SSP1-2.6,8.153850549,712
2052,5,SSP1-2.6,11.18825573,713
2052,6,SSP1-2.6,14.79275656,714
2052,7,SSP1-2.6,17.95587613,715
2052,8,SSP1-2.6,19.19427827,716
2052,9,SSP1-2.6,18.35252512,717
2052,10,SSP1-2.6,15.75864559,718
2052,11,SSP1-2.6,12.64266674,719
2052,12,SSP1-2.6,9.667186809,720
2053,1,SSP1-2.6,7.754914348,721
2053,2,SSP1-2.6,6.654398406,722
2053,3,SSP1-2.6,6.639158744,723
2053,4,SSP1-2.6,8.160858536,724
2053,5,SSP1-2.6,11.02344084,725
2053,6,SSP1-2.6,15.04681343,726
2053,7,SSP1-2.6,18.07336286,727
2053,8,SSP1-2.6,19.16194243,728
2053,9,SSP1-2.6,18.41949036,729
2053,10,SSP1-2.6,16.1753275,730
2053,11,SSP1-2.6,13.03550907,731
2053,12,SSP1-2.6,10.01463246,732
2054,1,SSP1-2.6,7.880655013,733
2054,2,SSP1-2.6,6.59063176,734
2054,3,SSP1-2.6,6.678738686,735
2054,4,SSP1-2.6,8.189993548,736
2054,5,SSP1-2.6,11.08996429,737
2054,6,SSP1-2.6,15.13575546,738
2054,7,SSP1-2.6,17.93474267,739
2054,8,SSP1-2.6,19.20721527,740
2054,9,SSP1-2.6,18.31434483,741
2054,10,SSP1-2.6,15.95277347,742
2054,11,SSP1-2.6,12.75092408,743
2054,12,SSP1-2.6,9.752009075,744
2055,1,SSP1-2.6,7.436319267,745
2055,2,SSP1-2.6,6.303708858,746
2055,3,SSP1-2.6,6.563560889,747
2055,4,SSP1-2.6,8.100138682,748
2055,5,SSP1-2.6,11.06631056,749
2055,6,SSP1-2.6,15.0929982,750
2055,7,SSP1-2.6,18.29281643,751
2055,8,SSP1-2.6,19.6142337,752
2055,9,SSP1-2.6,18.63356879,753
2055,10,SSP1-2.6,16.12994955,754
2055,11,SSP1-2.6,12.86014242,755
2055,12,SSP1-2.6,9.8492723,756
2056,1,SSP1-2.6,7.838356845,757
2056,2,SSP1-2.6,6.36530235,758
2056,3,SSP1-2.6,6.453224187,759
2056,4,SSP1-2.6,8.093368308,760
2056,5,SSP1-2.6,11.12762912,761
2056,6,SSP1-2.6,14.73183913,762
2056,7,SSP1-2.6,18.1069143,763
2056,8,SSP1-2.6,19.28427596,764
2056,9,SSP1-2.6,18.22018773,765
2056,10,SSP1-2.6,15.77538048,766
2056,11,SSP1-2.6,12.49446418,767
2056,12,SSP1-2.6,9.568037043,768
2057,1,SSP1-2.6,7.445364211,769
2057,2,SSP1-2.6,6.532303359,770
2057,3,SSP1-2.6,6.708722003,771
2057,4,SSP1-2.6,8.228636099,772
2057,5,SSP1-2.6,11.2891466,773
2057,6,SSP1-2.6,15.04544156,774
2057,7,SSP1-2.6,18.0775092,775
2057,8,SSP1-2.6,19.48891137,776
2057,9,SSP1-2.6,18.37098134,777
2057,10,SSP1-2.6,15.81700052,778
2057,11,SSP1-2.6,12.46194538,779
2057,12,SSP1-2.6,9.704082983,780
2058,1,SSP1-2.6,7.57184772,781
2058,2,SSP1-2.6,6.530942236,782
2058,3,SSP1-2.6,6.378850038,783
2058,4,SSP1-2.6,7.809240351,784
2058,5,SSP1-2.6,11.12313365,785
2058,6,SSP1-2.6,14.91332684,786
2058,7,SSP1-2.6,18.2667137,787
2058,8,SSP1-2.6,19.48504839,788
2058,9,SSP1-2.6,18.47376417,789
2058,10,SSP1-2.6,16.07006283,790
2058,11,SSP1-2.6,12.65273244,791
2058,12,SSP1-2.6,9.845476748,792
2059,1,SSP1-2.6,7.833906773,793
2059,2,SSP1-2.6,6.676889331,794
2059,3,SSP1-2.6,6.890368903,795
2059,4,SSP1-2.6,8.451546125,796
2059,5,SSP1-2.6,11.35690209,797
2059,6,SSP1-2.6,15.01916049,798
2059,7,SSP1-2.6,18.11548678,799
2059,8,SSP1-2.6,19.31480793,800
2059,9,SSP1-2.6,18.45834394,801
2059,10,SSP1-2.6,16.12012352,802
2059,11,SSP1-2.6,12.74295296,803
2059,12,SSP1-2.6,9.791822945,804
2060,1,SSP1-2.6,7.565749433,805
2060,2,SSP1-2.6,6.407143554,806
2060,3,SSP1-2.6,6.523909715,807
2060,4,SSP1-2.6,7.982003604,808
2060,5,SSP1-2.6,11.03106334,809
2060,6,SSP1-2.6,14.95578343,810
2060,7,SSP1-2.6,18.13586364,811
2060,8,SSP1-2.6,19.31294864,812
2060,9,SSP1-2.6,18.30235345,813
2060,10,SSP1-2.6,16.00947667,814
2060,11,SSP1-2.6,12.92688744,815
2060,12,SSP1-2.6,10.03475197,816
2061,1,SSP1-2.6,7.712290619,817
2061,2,SSP1-2.6,6.542272018,818
2061,3,SSP1-2.6,6.816877972,819
2061,4,SSP1-2.6,8.435954705,820
2061,5,SSP1-2.6,11.56426932,821
2061,6,SSP1-2.6,15.28483401,822
2061,7,SSP1-2.6,18.21243471,823
2061,8,SSP1-2.6,19.61215942,824
2061,9,SSP1-2.6,18.54082215,825
2061,10,SSP1-2.6,16.07890997,826
2061,11,SSP1-2.6,12.7838797,827
2061,12,SSP1-2.6,9.963170967,828
2062,1,SSP1-2.6,8.13568073,829
2062,2,SSP1-2.6,6.944180541,830
2062,3,SSP1-2.6,6.884210079,831
2062,4,SSP1-2.6,8.520854186,832
2062,5,SSP1-2.6,11.37261103,833
2062,6,SSP1-2.6,15.04563955,834
2062,7,SSP1-2.6,18.01281023,835
2062,8,SSP1-2.6,19.45739008,836
2062,9,SSP1-2.6,18.52110629,837
2062,10,SSP1-2.6,16.07129898,838
2062,11,SSP1-2.6,12.86416376,839
2062,12,SSP1-2.6,9.865794461,840
2063,1,SSP1-2.6,7.54970583,841
2063,2,SSP1-2.6,6.530236272,842
2063,3,SSP1-2.6,6.607967234,843
2063,4,SSP1-2.6,8.12201282,844
2063,5,SSP1-2.6,11.37258817,845
2063,6,SSP1-2.6,15.3076828,846
2063,7,SSP1-2.6,18.2706225,847
2063,8,SSP1-2.6,19.58975585,848
2063,9,SSP1-2.6,18.83171688,849
2063,10,SSP1-2.6,16.28581375,850
2063,11,SSP1-2.6,13.21504919,851
2063,12,SSP1-2.6,10.1319047,852
2064,1,SSP1-2.6,7.719152019,853
2064,2,SSP1-2.6,6.480546782,854
2064,3,SSP1-2.6,6.564121837,855
2064,4,SSP1-2.6,7.93364128,856
2064,5,SSP1-2.6,10.99612568,857
2064,6,SSP1-2.6,14.87672554,858
2064,7,SSP1-2.6,18.23853503,859
2064,8,SSP1-2.6,19.45009774,860
2064,9,SSP1-2.6,18.56538449,861
2064,10,SSP1-2.6,16.12474557,862
2064,11,SSP1-2.6,12.79417767,863
2064,12,SSP1-2.6,9.71148966,864
2065,1,SSP1-2.6,7.850815747,865
2065,2,SSP1-2.6,6.758541154,866
2065,3,SSP1-2.6,6.859487892,867
2065,4,SSP1-2.6,8.337236436,868
2065,5,SSP1-2.6,11.4118972,869
2065,6,SSP1-2.6,15.11172305,870
2065,7,SSP1-2.6,18.10974452,871
2065,8,SSP1-2.6,19.23912075,872
2065,9,SSP1-2.6,18.37942783,873
2065,10,SSP1-2.6,16.01178375,874
2065,11,SSP1-2.6,12.791213,875
2065,12,SSP1-2.6,9.959414313,876
2066,1,SSP1-2.6,7.706563693,877
2066,2,SSP1-2.6,6.709807649,878
2066,3,SSP1-2.6,6.537500784,879
2066,4,SSP1-2.6,8.229065909,880
2066,5,SSP1-2.6,11.2451045,881
2066,6,SSP1-2.6,14.83282879,882
2066,7,SSP1-2.6,17.9235503,883
2066,8,SSP1-2.6,19.39938582,884
2066,9,SSP1-2.6,18.35384315,885
2066,10,SSP1-2.6,15.84260265,886
2066,11,SSP1-2.6,12.73128251,887
2066,12,SSP1-2.6,9.848952312,888
2067,1,SSP1-2.6,7.768174634,889
2067,2,SSP1-2.6,6.428532272,890
2067,3,SSP1-2.6,6.597255047,891
2067,4,SSP1-2.6,8.192416052,892
2067,5,SSP1-2.6,11.29565902,893
2067,6,SSP1-2.6,15.14030969,894
2067,7,SSP1-2.6,18.08375522,895
2067,8,SSP1-2.6,19.28489019,896
2067,9,SSP1-2.6,18.438591,897
2067,10,SSP1-2.6,16.14641421,898
2067,11,SSP1-2.6,13.01145255,899
2067,12,SSP1-2.6,9.881088034,900
2068,1,SSP1-2.6,7.741254271,901
2068,2,SSP1-2.6,6.719304836,902
2068,3,SSP1-2.6,6.817773986,903
2068,4,SSP1-2.6,8.250142176,904
2068,5,SSP1-2.6,11.3268938,905
2068,6,SSP1-2.6,15.00955591,906
2068,7,SSP1-2.6,17.92940965,907
2068,8,SSP1-2.6,19.14985008,908
2068,9,SSP1-2.6,18.31371778,909
2068,10,SSP1-2.6,16.02862264,910
2068,11,SSP1-2.6,12.84643868,911
2068,12,SSP1-2.6,9.818804556,912
2069,1,SSP1-2.6,7.676324448,913
2069,2,SSP1-2.6,6.7513615,914
2069,3,SSP1-2.6,7.009805625,915
2069,4,SSP1-2.6,8.41365896,916
2069,5,SSP1-2.6,11.37898712,917
2069,6,SSP1-2.6,15.17555493,918
2069,7,SSP1-2.6,18.39956535,919
2069,8,SSP1-2.6,19.63046441,920
2069,9,SSP1-2.6,18.57913388,921
2069,10,SSP1-2.6,16.21781044,922
2069,11,SSP1-2.6,13.03525142,923
2069,12,SSP1-2.6,10.07445989,924
2070,1,SSP1-2.6,7.961566271,925
2070,2,SSP1-2.6,6.861193327,926
2070,3,SSP1-2.6,6.986851986,927
2070,4,SSP1-2.6,8.358110155,928
2070,5,SSP1-2.6,11.44824168,929
2070,6,SSP1-2.6,14.96616127,930
2070,7,SSP1-2.6,17.95006582,931
2070,8,SSP1-2.6,19.12137404,932
2070,9,SSP1-2.6,18.30335807,933
2070,10,SSP1-2.6,15.80431919,934
2070,11,SSP1-2.6,12.53121455,935
2070,12,SSP1-2.6,9.61857959,936
2071,1,SSP1-2.6,7.752171635,937
2071,2,SSP1-2.6,6.854067497,938
2071,3,SSP1-2.6,6.561547395,939
2071,4,SSP1-2.6,8.089036385,940
2071,5,SSP1-2.6,11.22073703,941
2071,6,SSP1-2.6,14.91761211,942
2071,7,SSP1-2.6,18.26296926,943
2071,8,SSP1-2.6,19.34455653,944
2071,9,SSP1-2.6,18.34599517,945
2071,10,SSP1-2.6,16.01628341,946
2071,11,SSP1-2.6,12.7275709,947
2071,12,SSP1-2.6,9.915383237,948
2072,1,SSP1-2.6,7.757553923,949
2072,2,SSP1-2.6,6.626113366,950
2072,3,SSP1-2.6,6.473807133,951
2072,4,SSP1-2.6,8.023375702,952
2072,5,SSP1-2.6,11.01230901,953
2072,6,SSP1-2.6,14.81809644,954
2072,7,SSP1-2.6,17.9626185,955
2072,8,SSP1-2.6,19.22514868,956
2072,9,SSP1-2.6,18.38224669,957
2072,10,SSP1-2.6,15.9114739,958
2072,11,SSP1-2.6,12.6464703,959
2072,12,SSP1-2.6,9.74882082,960
2073,1,SSP1-2.6,7.907586453,961
2073,2,SSP1-2.6,6.991242484,962
2073,3,SSP1-2.6,6.897198089,963
2073,4,SSP1-2.6,8.433847562,964
2073,5,SSP1-2.6,11.2212154,965
2073,6,SSP1-2.6,15.00535737,966
2073,7,SSP1-2.6,18.41091533,967
2073,8,SSP1-2.6,19.34024345,968
2073,9,SSP1-2.6,18.38632919,969
2073,10,SSP1-2.6,16.13727441,970
2073,11,SSP1-2.6,13.15217413,971
2073,12,SSP1-2.6,10.22270972,972
2074,1,SSP1-2.6,8.182937424,973
2074,2,SSP1-2.6,6.913273825,974
2074,3,SSP1-2.6,6.941079591,975
2074,4,SSP1-2.6,8.485618047,976
2074,5,SSP1-2.6,11.61837965,977
2074,6,SSP1-2.6,15.02941365,978
2074,7,SSP1-2.6,18.34433576,979
2074,8,SSP1-2.6,19.27661478,980
2074,9,SSP1-2.6,18.34424898,981
2074,10,SSP1-2.6,16.08763898,982
2074,11,SSP1-2.6,12.84377571,983
2074,12,SSP1-2.6,9.789350402,984
2075,1,SSP1-2.6,7.778912794,985
2075,2,SSP1-2.6,6.780750528,986
2075,3,SSP1-2.6,6.849356352,987
2075,4,SSP1-2.6,8.343141915,988
2075,5,SSP1-2.6,11.32304251,989
2075,6,SSP1-2.6,15.10352047,990
2075,7,SSP1-2.6,18.11243669,991
2075,8,SSP1-2.6,19.14622997,992
2075,9,SSP1-2.6,18.04892601,993
2075,10,SSP1-2.6,15.70777698,994
2075,11,SSP1-2.6,12.79703303,995
2075,12,SSP1-2.6,9.883874815,996
2076,1,SSP1-2.6,7.767538167,997
2076,2,SSP1-2.6,6.683949686,998
2076,3,SSP1-2.6,6.785644534,999
2076,4,SSP1-2.6,8.256315673,1000
2076,5,SSP1-2.6,11.56548949,1001
2076,6,SSP1-2.6,15.14788826,1002
2076,7,SSP1-2.6,18.31508268,1003
2076,8,SSP1-2.6,19.46088489,1004
2076,9,SSP1-2.6,18.68765707,1005
2076,10,SSP1-2.6,16.07802019,1006
2076,11,SSP1-2.6,12.8343764,1007
2076,12,SSP1-2.6,10.01354945,1008
2077,1,SSP1-2.6,7.921026383,1009
2077,2,SSP1-2.6,6.804840261,1010
2077,3,SSP1-2.6,6.840637676,1011
2077,4,SSP1-2.6,8.473653162,1012
2077,5,SSP1-2.6,11.47312835,1013
2077,6,SSP1-2.6,15.48607358,1014
2077,7,SSP1-2.6,18.21973578,1015
2077,8,SSP1-2.6,19.40989133,1016
2077,9,SSP1-2.6,18.5347947,1017
2077,10,SSP1-2.6,16.26894453,1018
2077,11,SSP1-2.6,12.97227985,1019
2077,12,SSP1-2.6,9.891140548,1020
2078,1,SSP1-2.6,7.728517267,1021
2078,2,SSP1-2.6,6.918652699,1022
2078,3,SSP1-2.6,6.971303489,1023
2078,4,SSP1-2.6,8.472258122,1024
2078,5,SSP1-2.6,11.41202904,1025
2078,6,SSP1-2.6,15.14930452,1026
2078,7,SSP1-2.6,17.92955123,1027
2078,8,SSP1-2.6,19.21737715,1028
2078,9,SSP1-2.6,18.40260959,1029
2078,10,SSP1-2.6,15.97978933,1030
2078,11,SSP1-2.6,12.79129713,1031
2078,12,SSP1-2.6,9.853927371,1032
2079,1,SSP1-2.6,7.727707376,1033
2079,2,SSP1-2.6,6.701126731,1034
2079,3,SSP1-2.6,6.746120092,1035
2079,4,SSP1-2.6,8.255348109,1036
2079,5,SSP1-2.6,11.25714697,1037
2079,6,SSP1-2.6,14.97418961,1038
2079,7,SSP1-2.6,18.14199065,1039
2079,8,SSP1-2.6,19.30113829,1040
2079,9,SSP1-2.6,18.4375796,1041
2079,10,SSP1-2.6,16.18579171,1042
2079,11,SSP1-2.6,12.9897309,1043
2079,12,SSP1-2.6,10.04011497,1044
2080,1,SSP1-2.6,7.847787451,1045
2080,2,SSP1-2.6,6.936165754,1046
2080,3,SSP1-2.6,6.962311464,1047
2080,4,SSP1-2.6,8.602859876,1048
2080,5,SSP1-2.6,11.67320569,1049
2080,6,SSP1-2.6,15.27108912,1050
2080,7,SSP1-2.6,18.30637535,1051
2080,8,SSP1-2.6,19.50409205,1052
2080,9,SSP1-2.6,18.46817787,1053
2080,10,SSP1-2.6,15.89345799,1054
2080,11,SSP1-2.6,12.57774397,1055
2080,12,SSP1-2.6,9.83502861,1056
2081,1,SSP1-2.6,7.82462196,1057
2081,2,SSP1-2.6,6.760906906,1058
2081,3,SSP1-2.6,6.645854484,1059
2081,4,SSP1-2.6,8.215308271,1060
2081,5,SSP1-2.6,11.13961186,1061
2081,6,SSP1-2.6,14.94340925,1062
2081,7,SSP1-2.6,18.52095422,1063
2081,8,SSP1-2.6,19.3656962,1064
2081,9,SSP1-2.6,18.49742647,1065
2081,10,SSP1-2.6,16.26992632,1066
2081,11,SSP1-2.6,13.02490553,1067
2081,12,SSP1-2.6,10.16211872,1068
2082,1,SSP1-2.6,8.050209191,1069
2082,2,SSP1-2.6,6.869450848,1070
2082,3,SSP1-2.6,6.955591447,1071
2082,4,SSP1-2.6,8.647166017,1072
2082,5,SSP1-2.6,11.63333072,1073
2082,6,SSP1-2.6,15.29405518,1074
2082,7,SSP1-2.6,18.44311316,1075
2082,8,SSP1-2.6,19.48914323,1076
2082,9,SSP1-2.6,18.61360832,1077
2082,10,SSP1-2.6,16.00312563,1078
2082,11,SSP1-2.6,12.93684813,1079
2082,12,SSP1-2.6,10.02798003,1080
2083,1,SSP1-2.6,7.924467707,1081
2083,2,SSP1-2.6,6.794466273,1082
2083,3,SSP1-2.6,6.687080076,1083
2083,4,SSP1-2.6,8.323140787,1084
2083,5,SSP1-2.6,11.4196113,1085
2083,6,SSP1-2.6,15.09347065,1086
2083,7,SSP1-2.6,18.66105851,1087
2083,8,SSP1-2.6,19.51825141,1088
2083,9,SSP1-2.6,18.47681453,1089
2083,10,SSP1-2.6,15.98605541,1090
2083,11,SSP1-2.6,12.63884981,1091
2083,12,SSP1-2.6,9.667371444,1092
2084,1,SSP1-2.6,7.525506316,1093
2084,2,SSP1-2.6,6.379620709,1094
2084,3,SSP1-2.6,6.630940173,1095
2084,4,SSP1-2.6,8.267116263,1096
2084,5,SSP1-2.6,11.33992008,1097
2084,6,SSP1-2.6,15.27908443,1098
2084,7,SSP1-2.6,18.13559071,1099
2084,8,SSP1-2.6,19.30549908,1100
2084,9,SSP1-2.6,18.54293524,1101
2084,10,SSP1-2.6,16.13810719,1102
2084,11,SSP1-2.6,12.98355886,1103
2084,12,SSP1-2.6,9.896109112,1104
2085,1,SSP1-2.6,7.788044065,1105
2085,2,SSP1-2.6,6.536843014,1106
2085,3,SSP1-2.6,6.921775877,1107
2085,4,SSP1-2.6,8.380835909,1108
2085,5,SSP1-2.6,11.33853798,1109
2085,6,SSP1-2.6,15.40293805,1110
2085,7,SSP1-2.6,18.17356117,1111
2085,8,SSP1-2.6,19.69574013,1112
2085,9,SSP1-2.6,18.7952442,1113
2085,10,SSP1-2.6,16.26203591,1114
2085,11,SSP1-2.6,13.01008299,1115
2085,12,SSP1-2.6,9.92004677,1116
2086,1,SSP1-2.6,7.935182226,1117
2086,2,SSP1-2.6,6.64773299,1118
2086,3,SSP1-2.6,6.739717473,1119
2086,4,SSP1-2.6,8.341321777,1120
2086,5,SSP1-2.6,11.44156374,1121
2086,6,SSP1-2.6,15.27237647,1122
2086,7,SSP1-2.6,18.32696685,1123
2086,8,SSP1-2.6,19.55451771,1124
2086,9,SSP1-2.6,18.74889142,1125
2086,10,SSP1-2.6,16.32598474,1126
2086,11,SSP1-2.6,13.01802335,1127
2086,12,SSP1-2.6,9.809598345,1128
2087,1,SSP1-2.6,7.712662709,1129
2087,2,SSP1-2.6,6.77199591,1130
2087,3,SSP1-2.6,7.137250731,1131
2087,4,SSP1-2.6,8.558333469,1132
2087,5,SSP1-2.6,11.30530724,1133
2087,6,SSP1-2.6,15.22380501,1134
2087,7,SSP1-2.6,18.48037657,1135
2087,8,SSP1-2.6,19.47992212,1136
2087,9,SSP1-2.6,18.45176517,1137
2087,10,SSP1-2.6,16.02422792,1138
2087,11,SSP1-2.6,12.91012125,1139
2087,12,SSP1-2.6,9.829535955,1140
2088,1,SSP1-2.6,7.966872522,1141
2088,2,SSP1-2.6,6.826598851,1142
2088,3,SSP1-2.6,6.89513012,1143
2088,4,SSP1-2.6,8.494329715,1144
2088,5,SSP1-2.6,11.77516687,1145
2088,6,SSP1-2.6,15.73584911,1146
2088,7,SSP1-2.6,18.58520817,1147
2088,8,SSP1-2.6,19.59243456,1148
2088,9,SSP1-2.6,18.55004754,1149
2088,10,SSP1-2.6,16.27838382,1150
2088,11,SSP1-2.6,12.99937147,1151
2088,12,SSP1-2.6,9.858561968,1152
2089,1,SSP1-2.6,7.777647729,1153
2089,2,SSP1-2.6,6.803350255,1154
2089,3,SSP1-2.6,6.622767557,1155
2089,4,SSP1-2.6,8.109017744,1156
2089,5,SSP1-2.6,11.30155628,1157
2089,6,SSP1-2.6,15.19338405,1158
2089,7,SSP1-2.6,18.13023154,1159
2089,8,SSP1-2.6,19.50570615,1160
2089,9,SSP1-2.6,18.66905108,1161
2089,10,SSP1-2.6,16.44913115,1162
2089,11,SSP1-2.6,13.37272912,1163
2089,12,SSP1-2.6,10.09980639,1164
2090,1,SSP1-2.6,7.867559642,1165
2090,2,SSP1-2.6,6.818699892,1166
2090,3,SSP1-2.6,6.822501297,1167
2090,4,SSP1-2.6,8.316644478,1168
2090,5,SSP1-2.6,11.49516445,1169
2090,6,SSP1-2.6,15.36182263,1170
2090,7,SSP1-2.6,18.213533,1171
2090,8,SSP1-2.6,19.37917805,1172
2090,9,SSP1-2.6,18.45902925,1173
2090,10,SSP1-2.6,16.0061566,1174
2090,11,SSP1-2.6,12.92945069,1175
2090,12,SSP1-2.6,9.973873148,1176
2091,1,SSP1-2.6,7.568953815,1177
2091,2,SSP1-2.6,6.605793629,1178
2091,3,SSP1-2.6,6.703254057,1179
2091,4,SSP1-2.6,8.182683289,1180
2091,5,SSP1-2.6,11.21594844,1181
2091,6,SSP1-2.6,15.00498808,1182
2091,7,SSP1-2.6,17.91478046,1183
2091,8,SSP1-2.6,19.28238491,1184
2091,9,SSP1-2.6,18.57716448,1185
2091,10,SSP1-2.6,16.10688002,1186
2091,11,SSP1-2.6,12.71689016,1187
2091,12,SSP1-2.6,9.882090473,1188
2092,1,SSP1-2.6,7.678962602,1189
2092,2,SSP1-2.6,6.382592594,1190
2092,3,SSP1-2.6,6.677622222,1191
2092,4,SSP1-2.6,8.182508189,1192
2092,5,SSP1-2.6,11.27701552,1193
2092,6,SSP1-2.6,14.99364375,1194
2092,7,SSP1-2.6,18.20976885,1195
2092,8,SSP1-2.6,19.37174678,1196
2092,9,SSP1-2.6,18.48077996,1197
2092,10,SSP1-2.6,16.20468042,1198
2092,11,SSP1-2.6,12.91865579,1199
2092,12,SSP1-2.6,9.989156537,1200
2093,1,SSP1-2.6,7.944294286,1201
2093,2,SSP1-2.6,6.627008225,1202
2093,3,SSP1-2.6,6.557145777,1203
2093,4,SSP1-2.6,8.050904514,1204
2093,5,SSP1-2.6,11.38126428,1205
2093,6,SSP1-2.6,15.51222386,1206
2093,7,SSP1-2.6,18.29120015,1207
2093,8,SSP1-2.6,19.63065929,1208
2093,9,SSP1-2.6,18.64816859,1209
2093,10,SSP1-2.6,16.09946347,1210
2093,11,SSP1-2.6,12.51441987,1211
2093,12,SSP1-2.6,9.570967765,1212
2094,1,SSP1-2.6,7.613604358,1213
2094,2,SSP1-2.6,6.835253428,1214
2094,3,SSP1-2.6,6.701394908,1215
2094,4,SSP1-2.6,8.1648469,1216
2094,5,SSP1-2.6,11.20395861,1217
2094,6,SSP1-2.6,15.01450699,1218
2094,7,SSP1-2.6,18.20932973,1219
2094,8,SSP1-2.6,19.4308988,1220
2094,9,SSP1-2.6,18.68249063,1221
2094,10,SSP1-2.6,16.13641392,1222
2094,11,SSP1-2.6,12.93996533,1223
2094,12,SSP1-2.6,9.989996392,1224
2095,1,SSP1-2.6,7.794512348,1225
2095,2,SSP1-2.6,6.946449007,1226
2095,3,SSP1-2.6,7.064992556,1227
2095,4,SSP1-2.6,8.390604454,1228
2095,5,SSP1-2.6,11.55195631,1229
2095,6,SSP1-2.6,15.19109487,1230
2095,7,SSP1-2.6,18.17114937,1231
2095,8,SSP1-2.6,19.35413743,1232
2095,9,SSP1-2.6,18.49333647,1233
2095,10,SSP1-2.6,15.80560192,1234
2095,11,SSP1-2.6,12.79582992,1235
2095,12,SSP1-2.6,9.874223119,1236
2096,1,SSP1-2.6,7.675877199,1237
2096,2,SSP1-2.6,6.478875519,1238
2096,3,SSP1-2.6,6.676441993,1239
2096,4,SSP1-2.6,8.398541984,1240
2096,5,SSP1-2.6,11.40081372,1241
2096,6,SSP1-2.6,15.44604108,1242
2096,7,SSP1-2.6,18.54310951,1243
2096,8,SSP1-2.6,19.4530134,1244
2096,9,SSP1-2.6,18.47518378,1245
2096,10,SSP1-2.6,16.10519235,1246
2096,11,SSP1-2.6,12.83955681,1247
2096,12,SSP1-2.6,9.614945377,1248
2097,1,SSP1-2.6,7.542859702,1249
2097,2,SSP1-2.6,6.417981957,1250
2097,3,SSP1-2.6,6.480466707,1251
2097,4,SSP1-2.6,8.059559723,1252
2097,5,SSP1-2.6,11.18613131,1253
2097,6,SSP1-2.6,14.59275434,1254
2097,7,SSP1-2.6,17.97242974,1255
2097,8,SSP1-2.6,19.32103476,1256
2097,9,SSP1-2.6,18.5088331,1257
2097,10,SSP1-2.6,15.94643774,1258
2097,11,SSP1-2.6,12.67570124,1259
2097,12,SSP1-2.6,9.612840964,1260
2098,1,SSP1-2.6,7.751028455,1261
2098,2,SSP1-2.6,6.527345533,1262
2098,3,SSP1-2.6,6.573899542,1263
2098,4,SSP1-2.6,8.077011799,1264
2098,5,SSP1-2.6,11.26121694,1265
2098,6,SSP1-2.6,15.19152632,1266
2098,7,SSP1-2.6,18.36222015,1267
2098,8,SSP1-2.6,19.48105267,1268
2098,9,SSP1-2.6,18.57568251,1269
2098,10,SSP1-2.6,16.3299581,1270
2098,11,SSP1-2.6,13.08759762,1271
2098,12,SSP1-2.6,10.03759134,1272
2099,1,SSP1-2.6,7.94216651,1273
2099,2,SSP1-2.6,6.624925037,1274
2099,3,SSP1-2.6,6.748973575,1275
2099,4,SSP1-2.6,8.155390705,1276
2099,5,SSP1-2.6,11.3707607,1277
2099,6,SSP1-2.6,14.80407925,1278
2099,7,SSP1-2.6,17.90834708,1279
2099,8,SSP1-2.6,19.30955514,1280
2099,9,SSP1-2.6,18.6037849,1281
2099,10,SSP1-2.6,16.28171998,1282
2099,11,SSP1-2.6,12.97825379,1283
2099,12,SSP1-2.6,9.892501948,1284
