Year;Month;SST_month;Rownum;SST_ma1y;SST_ma4m
1988;1;7.560601807;1;NA;NA
1988;2;6.572280568;2;NA;6.804437267
1988;3;5.73420548;3;NA;7.428033951
1988;4;7.350661214;4;NA;8.97988543
1988;5;10.05498854;5;NA;11.30140042
1988;6;12.77968648;6;10.84580304;13.60610203
1988;7;15.02026544;7;10.83833485;14.994336
1988;8;16.56946766;8;10.82893913;15.14237456
1988;9;15.6079244;9;10.92162824;14.15114411
1988;10;13.37184074;10;10.94139032;12.12686983
1988;11;11.05534363;11;10.9796551;10.09263461
1988;12;8.472370566;12;11.05499079;8.364557409
1989;1;7.470983493;13;11.15921406;7.312340183
1989;2;6.459531948;14;11.26165903;7.09119909
1989;3;6.846474728;15;11.40517879;7.851994684
1989;4;7.587806193;16;11.55234079;9.658040398
1989;5;10.51416587;17;11.66193543;12.01415789
1989;6;13.6837148;18;11.71980201;14.56690816
1989;7;16.27094471;19;11.74579437;16.27090708
1989;8;17.79880726;20;11.82624579;16.63442455
1989;9;17.33016154;21;11.85959978;15.65930821
1989;10;15.1377847;22;11.91815716;13.50129877
1989;11;12.37047933;23;12.02756178;11.11448135
1989;12;9.166769508;24;12.02409261;9.186272418
1990;1;7.782891846;25;11.98894497;7.905333239
1990;2;7.424948992;26;11.99586721;7.68626456
1990;3;7.246722609;27;11.94252732;8.69729691
1990;4;8.290494792;28;11.8651696;10.25158085
1990;5;11.82702125;29;11.80263018;12.40219347
1990;6;13.64208476;30;11.71478698;14.8000383
1990;7;15.84917307;31;11.59426666;16.01580369
1990;8;17.88187413;32;11.3169606;16.15765554
1990;9;16.69008281;33;11.17044464;15.10036385
1990;10;14.20949215;34;11.08882479;12.65805807
1990;11;11.62000631;35;10.83352539;10.06969938
1990;12;8.112651013;36;10.66915789;7.54164542
1991;1;6.336648058;37;10.60671917;6.008776617
1991;2;4.0972763;38;10.57629528;5.808377994
1991;3;5.488531097;39;10.64331747;6.41507311
1991;4;7.31105652;40;10.68118314;8.308172707
1991;5;8.763428523;41;10.61497;10.71101704
1991;6;11.66967469;42;10.60904213;13.26244977
1991;7;15.09990844;43;10.61841086;15.44517993
1991;8;17.51678742;44;10.72173244;16.1937313
1991;9;17.49434916;45;10.74432439;15.12511634
1991;10;14.66388019;46;10.7380699;12.75629862
1991;11;10.8254486;47;10.90118791;9.994979538
1991;12;8.041516513;48;11.11689361;7.663293304
1992;1;6.449072852;49;11.25438564;6.396839782
1992;2;5.337135255;50;11.26093929;6.195461303
1992;3;5.759634506;51;11.12174667;7.263404265
1992;4;7.2360026;52;11.0169242;9.493656228
1992;5;10.7208447;53;10.94988649;12.24120079
1992;6;14.25814311;54;10.94437881;14.83105795
1992;7;16.74981277;55;10.94011348;16.10685619
1992;8;17.59543122;56;10.9492638;15.89382306
1992;9;15.82403768;57;10.90132479;14.21161889
1992;10;13.40601059;58;10.89313175;11.80661716
1992;11;10.02099609;59;10.86985159;9.450079985
1992;12;7.975424294;60;10.81952735;7.460312111
1993;1;6.397888968;61;10.7449149;6.25115467
1993;2;5.446939089;62;10.65989112;6.041720137
1993;3;5.184366329;63;10.6480375;7.052618604
1993;4;7.13768616;64;10.66312082;9.104446861
1993;5;10.44148284;65;10.66902563;11.77197114
1993;6;13.65425212;66;10.63920003;14.13133607
1993;7;15.85446344;67;10.65383772;15.44141392
1993;8;16.57514589;68;10.64248218;15.42460347
1993;9;15.68179423;69;10.69017328;13.98395108
1993;10;13.58701035;70;10.70509884;11.74454388
1993;11;10.09185384;71;10.68487553;9.467480633
1993;12;7.61751709;72;10.61228625;7.39839621
1994;1;6.573541258;73;10.68898758;6.314597632
1994;2;5.310672654;74;10.8126458;6.239416561
1994;3;5.756659526;75;10.84510294;7.14573203
1994;4;7.316792807;76;10.84997566;9.013859053
1994;5;10.19880313;77;11.01384742;11.76841405
1994;6;12.78318075;78;11.24671222;14.45397696
1994;7;16.7748795;79;11.3079733;15.92209615
1994;8;18.05904444;80;11.4468122;16.13767171
1994;9;16.07127991;81;11.53287112;14.9585306
1994;10;13.64548301;82;11.57952614;13.04674313
1994;11;12.05831503;83;11.60586043;10.85609172
1994;12;10.41189458;84;11.60537189;9.188905846
1995;1;7.308674271;85;11.55866802;7.871668712
1995;2;6.976739507;86;11.61734602;7.237858328
1995;3;6.789366494;87;11.70837343;8.039393412
1995;4;7.87665304;88;11.83747255;9.489538115
1995;5;10.51481461;89;11.85714604;11.84580475
1995;6;12.77731832;90;11.69611914;14.5674366
1995;7;16.21443305;91;11.58129462;16.22963515
1995;8;18.76318044;92;11.29084962;16.83397368
1995;9;17.16360881;93;11.0231591;15.85396466
1995;10;15.19467242;94;10.83228462;13.28306248
1995;11;12.29439697;95;10.66078051;10.47485529
1995;12;8.479571735;96;10.62633896;7.549037064
1996;1;5.930780029;97;10.51337544;5.369707899
1996;2;3.491399517;98;10.35924699;4.646354781
1996;3;3.577080316;99;10.25459136;5.277851088
1996;4;5.58615926;100;10.15543614;7.496006152
1996;5;8.456765258;101;10.07258524;10.31645377
1996;6;12.36401977;102;9.993242572;13.1483237
1996;7;14.85887077;103;9.809162016;15.01106771
1996;8;16.91363899;104;9.875076568;15.42126521
1996;9;15.9077413;105;10.09984025;14.53159406
1996;10;14.00480977;106;10.28961602;12.18504924
1996;11;11.30018616;107;10.44845394;9.138567252
1996;12;7.527459716;108;10.54602347;6.707958345
1997;1;3.721813361;109;10.64054248;5.451472944
1997;2;4.282374143;110;10.7750894;5.535475119
1997;3;6.274244555;111;10.8968892;7.195726863
1997;4;7.863468417;112;10.96194677;9.508846858
1997;5;10.36282034;113;10.97606963;11.93856044
1997;6;13.53485412;114;11.11798539;14.60474384
1997;7;15.9930989;115;11.4445709;16.3563735
1997;8;18.52820198;116;11.6233455;16.66903512
1997;9;17.36933898;117;11.68943484;15.53817551
1997;10;14.78550061;118;11.73852839;13.21373722
1997;11;11.46966044;119;11.80477893;10.78161233
1997;12;9.230448855;120;11.84483164;8.692154529
1998;1;7.64083941;121;11.83022283;7.591568583
1998;2;6.427669411;122;11.72313968;7.397104105
1998;3;7.067316655;123;11.63136748;8.27635097
1998;4;8.452590943;124;11.5597807;10.17330528
1998;5;11.15782687;125;11.46880763;12.3609244
1998;6;14.01548666;126;11.33905419;14.55857772
1998;7;15.81779312;127;11.29625198;15.83613913
1998;8;17.24320423;128;11.25284781;15.8138823
1998;9;16.2680725;129;11.18852684;14.45392991
1998;10;13.92645934;130;11.19572263;12.06148075
1998;11;10.37798359;131;11.22959608;9.776265834
1998;12;7.673407577;132;11.25894924;7.77135584
1999;1;7.127212829;133;11.34392691;6.750726214
1999;2;5.906819361;134;11.40482048;6.967109426
1999;3;6.295465087;135;11.54029911;8.07638327
1999;4;8.538940427;136;11.59728519;10.19160958
1999;5;11.56430821;137;11.68668313;12.82712461
1999;6;14.36772461;138;11.73150976;15.18587125
1999;7;16.83752521;139;11.67035458;16.76824823
1999;8;17.97392697;140;11.68877538;16.82889015
1999;9;17.89381612;141;11.69967926;15.48219857
1999;10;14.6102923;142;11.6370321;13.04154861
1999;11;11.45075887;143;11.58541867;10.16643226
1999;12;8.211327139;144;11.53265157;8.045826398
2000;1;6.393350716;145;11.39173928;6.789714598
2000;2;6.127868869;146;11.32444851;6.683676433
2000;3;6.426311668;147;11.25296075;7.821575524
2000;4;7.78717448;148;11.2859637;9.72323817
2000;5;10.94494708;149;11.27959078;11.90330468
2000;6;13.73451946;150;11.39101842;14.24812049
2000;7;15.14657769;151;11.43814945;15.77087445
2000;8;17.16643775;152;11.44908739;16.08882653
2000;9;17.03596292;153;11.39226555;15.14575307
2000;10;15.00632777;154;11.33840261;13.24125833
2000;11;11.37428386;155;11.27938802;10.72199838
2000;12;9.548458758;156;11.25077499;8.535197467
2001;1;6.958923148;157;11.35127389;7.127738886
2001;2;6.259124104;158;11.40559649;6.52582902
2001;3;5.744449532;159;11.33919346;7.345291209
2001;4;7.140819297;160;11.32966598;9.128300965
2001;5;10.2367719;161;11.39256712;11.7803297
2001;6;13.39116313;162;11.34927137;14.44970211
2001;7;16.35256446;163;11.28987744;15.95029078
2001;8;17.81830896;164;11.36105606;16.32549952
2001;9;16.23912659;165;11.47729317;15.26963278
2001;10;14.89199809;166;11.6056774;13.07228299
2001;11;12.12909749;167;11.67308466;10.57405033
2001;12;9.02890979;168;11.7446221;8.629367687
2002;1;6.246195945;169;11.72199307;7.381917023
2002;2;7.113267521;170;11.75983536;7.29504709
2002;3;7.139294835;171;11.88475169;8.494912858
2002;4;8.681430057;172;11.85892808;10.27899909
2002;5;11.04565902;173;11.82931077;12.5144294
2002;6;14.24961243;174;11.8223325;14.912176
2002;7;16.0810161;175;11.86949823;16.58529188
2002;8;18.27241644;176;11.71101218;16.66841746
2002;9;17.73812257;177;11.61397572;15.59158588
2002;10;14.58211473;178;11.54280618;13.2597744
2002;11;11.77368978;179;11.53076183;10.52828996
2002;12;8.945170535;180;11.5634832;8.185620005
2003;1;6.812184781;181;11.65663179;6.735911875
2003;2;5.211434929;182;11.72221382;6.456468148
2003;3;5.974857255;183;11.73376811;7.478703651
2003;4;7.827395627;184;11.70515624;9.836412138
2003;5;10.90112679;185;11.63454857;12.64239762
2003;6;14.64226888;186;11.63316642;15.45039891
2003;7;17.19879919;187;11.64800682;17.19431074
2003;8;19.05940079;188;11.7392924;17.09343659
2003;9;17.87677409;189;11.73229263;15.52533622
2003;10;14.23877228;190;11.77450947;12.9926322
2003;11;10.9263977;191;11.78240343;10.27100608
2003;12;8.928584739;192;11.7418515;8.288028471
2004;1;6.990269619;193;11.65278365;7.029144067
2004;2;6.306861828;194;11.57514111;6.880497284
2004;3;5.890860084;195;11.49578617;7.881893465
2004;4;8.333997603;196;11.48058817;9.844089448
2004;5;10.99585435;197;11.53467193;12.40387068
2004;6;14.15564576;198;11.522253;14.85229384
2004;7;16.12998499;199;11.53748718;16.33445895
2004;8;18.12769028;200;11.49410957;16.30964658
2004;9;16.92451477;201;11.41662732;15.17100104
2004;10;14.05639628;202;11.34040755;12.83396786
2004;11;11.57540284;203;11.26851142;10.39610911
2004;12;8.779557555;204;11.20562249;8.328592667
2005;1;7.173079755;205;11.21094272;6.675010245
2005;2;5.786330518;206;11.10404366;6.334960942
2005;3;4.961073152;207;11.14275453;7.074966187
2005;4;7.419360343;208;11.26511057;8.978628206
2005;5;10.13310074;209;11.37584301;11.78681686
2005;6;13.40097859;210;11.3757321;14.14320217
2005;7;16.19382776;211;11.29447782;15.95718829
2005;8;16.8449016;212;11.22979508;16.48811085
2005;9;17.38904521;213;11.19129683;15.66570194
2005;10;15.52466884;214;11.14735144;13.64903318
2005;11;12.9041921;215;11.14620325;10.85127897
2005;12;8.778226594;216;11.14383009;8.222646197
2006;1;6.198028365;217;11.23231638;6.121371701
2006;2;5.010137729;218;11.32083836;5.649818949
2006;3;4.499094116;219;11.3495142;6.630142493
2006;4;6.892015587;220;11.41452246;8.720733215
2006;5;10.11932254;221;11.40252143;11.9098755
2006;6;13.37250061;222;11.53575412;14.66366293
2006;7;17.25566327;223;11.74114644;16.56712113
2006;8;17.90716532;224;11.93522607;17.30018798
2006;9;17.73315532;225;12.22411785;16.17631708
2006;10;16.30476803;226;12.43880291;14.29378047
2006;11;12.76017966;227;12.59600946;12.02617571
2006;12;10.37701888;228;12.69228385;9.78475701
2007;1;8.662736265;229;12.60723744;8.586160974
2007;2;7.339093239;230;12.57656079;8.358965328
2007;3;7.965795513;231;12.49795675;9.194731536
2007;4;9.468236293;232;12.36323657;10.99190657
2007;5;12.0058011;233;12.25665859;13.05923425
2007;6;14.52779338;234;12.11315518;15.07693657
2007;7;16.23510624;235;12.01451917;16.272963
2007;8;17.53904558;236;11.98983258;16.31304614
2007;9;16.78990682;237;11.90096023;15.12458055
2007;10;14.68812591;238;11.7690146;12.90356363
2007;11;11.4812439;239;11.71581147;10.57586296
2007;12;8.654977906;240;11.68307899;8.664545045
2008;1;7.479104119;241;11.70538233;7.519065881
2008;2;7.042854259;242;11.70515747;7.326543584
2008;3;6.899327239;243;11.68310013;8.298608434
2008;4;7.88488872;244;11.62150253;10.07164579
2008;5;11.36736352;245;11.57557459;12.47250057
2008;6;14.13500366;246;11.49808554;14.8853652
2008;7;16.50274638;247;11.33352614;16.17482899
2008;8;17.53634722;248;11.1297506;16.12831676
2008;9;16.52521871;249;11.04745453;14.73515732
2008;10;13.94895472;250;11.08012614;12.28234784
2008;11;10.93010864;251;11.07858221;9.527141006
2008;12;7.725109271;252;11.09594366;7.189289249
2009;1;5.50439139;253;11.13204407;5.934705705
2009;2;4.597547693;254;11.18402133;6.072665394
2009;3;5.911774465;255;11.21755396;7.533776645
2009;4;8.27694803;256;11.27960941;9.970224988
2009;5;11.34883639;257;11.40072723;12.72626919
2009;6;14.34334106;258;11.52380832;15.19705077
2009;7;16.93595129;259;11.55305023;16.59174424
2009;8;18.16007435;260;11.52285136;16.67931399
2009;9;16.92761027;261;11.42641852;15.5412068
2009;10;14.69362006;262;11.35450732;13.30170879
2009;11;12.38352254;263;11.24375411;10.5336298
2009;12;9.202082287;264;11.1514798;7.919015098
2010;1;5.85529431;265;11.13479842;6.011779561
2010;2;4.235161254;266;11.08338811;5.564762408
2010;3;4.754580394;267;11.0328794;6.60588829
2010;4;7.414013673;268;11.00281032;8.856110326
2010;5;10.01979784;269;10.90758199;11.85140889
2010;6;13.2360494;270;10.69408815;14.38369314
2010;7;16.73577466;271;10.63650058;15.95912012
2010;8;17.54315067;272;10.72946948;16.23330553
2010;9;16.32150573;273;10.81651718;14.85955753
2010;10;14.33279104;274;10.92405621;12.13380891
2010;11;11.24078267;275;11.06729341;9.344493339
2010;12;6.640156206;276;11.16028853;7.098992581
2011;1;5.164243442;277;11.12415129;5.738585116
2011;2;5.350788011;278;11.08041049;6.254666569
2011;3;5.799152806;279;11.08965139;7.898266786
2011;4;8.704482017;280;11.14367422;10.14856748
2011;5;11.73864431;281;11.25731134;12.77431122
2011;6;14.35199077;282;11.47779281;14.852756
2011;7;16.30212776;283;11.66287076;16.02619403
2011;8;17.01826114;284;11.6370116;16.18346262
2011;9;16.43239645;285;11.67960397;15.2590377
2011;10;14.98106512;286;11.62348095;13.32595586
2011;11;12.6044281;287;11.51211361;11.06415147
2011;12;9.285933758;288;11.43465703;8.57900471
2012;1;7.385178887;289;11.41118278;7.005462983
2012;2;5.040478097;290;11.47788748;6.691731008
2012;3;6.31026119;291;11.51905807;7.445995348
2012;4;8.031005857;292;11.44190996;9.541503773
2012;5;10.40223625;293;11.31911366;11.96904766
2012;6;13.4225118;294;11.24511846;14.41597557
2012;7;16.02043674;295;11.22814339;16.04702738
2012;8;17.81871752;296;11.25134679;16.20522139
2012;9;16.92644348;297;11.09669134;14.98283035
2012;10;14.05528781;298;10.86667509;12.62764881
2012;11;11.1308726;299;10.74918045;10.19140744
2012;12;8.397991345;300;10.61511139;8.007315219
2013;1;7.181477994;301;10.5749085;6.338195996
2013;2;5.318918939;302;10.56306579;5.556400897
2013;3;4.454395706;303;10.56528162;6.009106527
2013;4;5.27081095;304;10.62257895;7.63279756
2013;5;8.992300513;305;10.66870788;10.40369915
2013;6;11.81368307;306;10.70525703;13.50514767
2013;7;15.53800207;307;10.79288071;15.4953309
2013;8;17.67660503;308;10.97571751;16.22762407
2013;9;16.95303344;309;11.27352231;15.26422849
2013;10;14.74285573;310;11.64013769;13.05422252
2013;11;11.68441977;311;11.90420154;10.87420469
2013;12;8.836581123;312;12.1870031;9.066730904
2014;1;8.232962132;313;12.35284366;8.152639294
2014;2;7.512960593;314;12.39696297;8.361042894
2014;3;8.028053329;315;12.43597877;9.343069025
2014;4;9.67019552;316;12.53883359;11.26665434
2014;5;12.16106666;317;12.66663417;13.6416632
2014;6;15.20730184;318;12.75331984;15.77562351
2014;7;17.52808878;319;12.69293728;17.09066258
2014;8;18.20603676;320;12.56122078;17.28311552
2014;9;17.42122294;321;12.42604555;16.20560001
2014;10;15.97711359;322;12.29652573;14.12329312
2014;11;13.21802673;323;12.18634447;11.64508025
2014;12;9.8768092;324;12.04624327;9.133892495
2015;1;7.508371461;325;11.95497553;7.430873447
2015;2;5.932362589;326;11.90019837;6.990660556
2015;3;6.405950535;327;11.82980847;7.823290591
2015;4;8.115957637;328;11.71811512;9.721721806
2015;5;10.8388916;329;11.66896673;12.22845315
2015;6;13.52608745;330;11.72124228;14.58664143
2015;7;16.4328759;331;11.8377501;16.02105458
2015;8;17.54871078;332;11.97154567;16.29873106
2015;9;16.57654419;333;12.02018043;15.3475736
2015;10;14.63679338;334;12.06794536;13.58642484
2015;11;12.62824605;335;12.0786535;11.66890514
2015;12;10.50411575;336;12.09846907;9.894184139
2016;1;8.906465397;337;12.11262816;8.484514555
2016;2;7.537909362;338;12.1684677;8.030769809
2016;3;6.989567716;339;12.35027719;8.546000788
2016;4;8.68913676;340;12.44190384;10.10249203
2016;5;10.96738931;341;12.39661855;12.50579634
2016;6;13.76387431;342;12.29515187;14.88820846
2016;7;16.60278498;343;12.12992905;16.83592565
2016;8;18.21878525;344;11.98695786;17.32903536
2016;9;18.75825805;345;12.00619739;16.19954476
2016;10;15.73631317;346;12.06013857;13.96647734
2016;11;12.08482259;347;12.09456108;11.00786071
2016;12;9.286515561;348;12.21847873;8.529346206
2017;1;6.923791503;349;12.28586794;7.31325107
2017;2;5.822255171;350;12.28291446;7.325729899
2017;3;7.220442045;351;12.14627438;8.439896898
2017;4;9.336430877;352;12.08742787;10.79705461
2017;5;11.3804595;353;12.06600046;13.34480798
2017;6;15.25088602;354;11.9676565;15.55653613
2017;7;17.41145552;355;11.97141681;16.99106553
2017;8;18.18334351;356;11.97920351;16.9358828
2017;9;17.11857708;357;11.75267547;15.53994235
2017;10;15.03015511;358;11.56791908;13.02070347
2017;11;11.82769369;359;11.52566061;10.483288
2017;12;8.106388013;360;11.4358934;8.204673129
2018;1;6.96891519;361;11.45008194;6.373276084
2018;2;5.915695621;362;11.517154;6.126517642
2018;3;4.502105513;363;11.54264652;7.102628284
2018;4;7.119354243;364;11.54835306;9.16712428
2018;5;10.87335776;365;11.54204576;12.4370274
2018;6;14.17367961;366;11.64843405;15.40424089
2018;7;17.581718;367;11.69305157;17.04202328
2018;8;18.9882082;368;11.73839715;17.27326178
2018;9;17.4244873;369;11.9901602;15.81583378
2018;10;15.0986336;370;12.14764896;13.41454363
2018;11;11.75200602;371;12.17738268;10.93450316
2018;12;9.383047581;372;12.19657883;8.7748054
2019;1;7.504325423;373;12.15734364;7.717619415
2019;2;6.459842575;374;12.10562832;7.62416236
2019;3;7.523262081;375;12.09346139;8.555621601
2019;4;9.00921936;376;12.06884289;10.54166931
2019;5;11.23016239;377;12.04528824;12.93857773
2019;6;14.40403342;378;12.01028023;15.27817899
2019;7;17.11089575;379;12.02398705;16.79025941
2019;8;18.36762439;380;12.095752;16.89005396
2019;9;17.27848408;381;12.08649804;15.47966757
2019;10;14.80321163;382;12.06420893;13.12849934
2019;11;11.46935018;383;12.09079721;10.72608014
2019;12;8.962951468;384;12.10517717;8.855532731
2020;1;7.668807287;385;12.06011231;7.841248811
2020;2;7.321021986;386;12.06976932;7.785948466
2020;3;7.412214503;387;12.05763299;8.756052069
2020;4;8.741750087;388;11.99804594;10.56994483
2020;5;11.5492217;389;12.050079;12.85942055
2020;6;14.57659302;390;12.10344908;15.29486015
2020;7;16.57011739;391;12.06662929;16.69076675
2020;8;18.4835085;392;11.89882598;16.56866026
2020;9;17.13284809;393;11.78488589;15.44956765
2020;10;14.08816705;394;11.66286398;13.22953862
2020;11;12.09374695;395;11.52130073;10.75306906
2020;12;9.603392371;396;11.47680271;8.557872846
2021;1;7.226969868;397;11.46683109;7.045669482
2021;2;5.307382196;398;11.37988463;6.464193187
2021;3;6.044933494;399;11.39145698;7.120066393
2021;4;7.27748719;400;11.48240322;9.303875038
2021;5;9.85046269;401;11.49735344;11.90525615
2021;6;14.04261678;402;11.41454276;14.44592208
2021;7;16.45045796;403;11.43931549;16.30123549
2021;8;17.4401509;404;11.5630739;16.58546177
2021;9;17.27171631;405;11.66540171;15.54113468
2021;10;15.17952192;406;11.78217468;13.33351302
2021;11;12.27314962;407;11.94226268;10.89664459
2021;12;8.609664229;408;12.01216735;8.799884877
2022;1;7.524242581;409;12.11930849;7.549814302
2022;2;6.792483082;410;12.30810262;7.567088948
2022;3;7.272867316;411;12.42377526;8.628907963
2022;4;8.678762813;412;12.45578926;10.65115539
2022;5;11.77151864;413;12.54490788;13.26697649
2022;6;14.88147278;414;12.61258233;16.02370588
2022;7;17.73615172;415;12.65438182;17.74577323
2022;8;19.70568039;416;12.66166208;17.91632753
2022;9;18.65978801;417;12.62630394;16.81793286
2022;10;15.56368999;418;12.62888928;14.24695217
2022;11;13.34257303;419;12.59350062;11.58846426
2022;12;9.421757655;420;12.58106683;9.417503317
2023;1;8.025836381;421;12.53100939;7.794002462
2023;2;6.879846204;422;12.38629511;7.616009795
2023;3;6.84856961;423;12.37750486;8.44626438
2023;4;8.709786987;424;12.41953577;10.40936964
2023;5;11.34685472;425;12.32934446;12.98109284
2023;6;14.73226726;426;12.3052117;15.29592338
2023;7;17.13546241;427;NA;17.09778595
2023;8;17.96910912;428;NA;17.43173436
2023;9;18.55430501;429;NA;16.21293808
2023;10;16.06806089;430;NA;14.00370194
2023;11;12.2602773;431;NA;NA
2023;12;9.132164548;432;NA;NA
2024;1;7.550145198;433;;
2024;2;6.594781316;434;;
2024;3;6.816385916;435;;
2024;4;8.394218118;436;;
2024;5;11.19321983;437;;
2024;6;14.73552439;438;;
2024;7;17.78542269;439;;
2024;8;18.81270939;440;;
2024;9;17.82518227;441;;
2024;10;15.2247846;442;;
2024;11;12.0060026;443;;
2024;12;9.556199461;444;;
2025;1;7.69727754;445;;
2025;2;6.62863577;446;;
2025;3;6.721861616;447;;
2025;4;8.388171011;448;;
2025;5;11.14636413;449;;
2025;6;14.58154878;450;;
2025;7;17.88045232;451;;
2025;8;18.90797818;452;;
2025;9;17.80142588;453;;
2025;10;15.48072948;454;;
2025;11;12.36311418;455;;
2025;12;9.608647938;456;;
2026;1;7.882109524;457;;
2026;2;6.67547509;458;;
2026;3;6.717169786;459;;
2026;4;8.067152018;460;;
2026;5;10.97856696;461;;
2026;6;14.63775632;462;;
2026;7;17.57338015;463;;
2026;8;18.73734333;464;;
2026;9;17.72563726;465;;
2026;10;15.29161493;466;;
2026;11;12.22415944;467;;
2026;12;9.587258187;468;;
2027;1;7.768442724;469;;
2027;2;6.786720442;470;;
2027;3;6.664688988;471;;
2027;4;8.127227082;472;;
2027;5;11.25863829;473;;
2027;6;14.79380097;474;;
2027;7;17.69083215;475;;
2027;8;18.76279788;476;;
2027;9;18.05605868;477;;
2027;10;15.72686728;478;;
2027;11;12.53922097;479;;
2027;12;9.852413413;480;;
2028;1;7.954288114;481;;
2028;2;6.974392988;482;;
2028;3;6.943358601;483;;
2028;4;8.293190021;484;;
2028;5;11.26436707;485;;
2028;6;15.00556712;486;;
2028;7;17.67142756;487;;
2028;8;18.72354378;488;;
2028;9;17.85239415;489;;
2028;10;15.38800253;490;;
2028;11;12.1975235;491;;
2028;12;9.741944532;492;;
2029;1;7.729145675;493;;
2029;2;7.033051664;494;;
2029;3;7.113419263;495;;
2029;4;8.278947176;496;;
2029;5;11.17573335;497;;
2029;6;14.74710271;498;;
2029;7;17.69764455;499;;
2029;8;18.59778932;500;;
2029;9;17.63294163;501;;
2029;10;15.25706818;502;;
2029;11;12.00801344;503;;
2029;12;9.312221443;504;;
2030;1;7.857987741;505;;
2030;2;6.844219597;506;;
2030;3;6.78144133;507;;
2030;4;8.254955272;508;;
2030;5;11.01134238;509;;
2030;6;14.59158489;510;;
2030;7;17.44250786;511;;
2030;8;18.57737576;512;;
2030;9;17.57273912;513;;
2030;10;15.27468706;514;;
2030;11;12.16689011;515;;
2030;12;9.501537632;516;;
2031;1;7.462969491;517;;
2031;2;6.479713845;518;;
2031;3;6.696916975;519;;
2031;4;8.125099543;520;;
2031;5;11.03104031;521;;
2031;6;14.66079981;522;;
2031;7;18.07323676;523;;
2031;8;18.75525044;524;;
2031;9;17.51588329;525;;
2031;10;15.26194006;526;;
2031;11;12.38609846;527;;
2031;12;9.695113621;528;;
2032;1;7.888870855;529;;
2032;2;7.024852014;530;;
2032;3;7.016128022;531;;
2032;4;8.415767155;532;;
2032;5;11.28688561;533;;
2032;6;14.94651605;534;;
2032;7;17.74729708;535;;
2032;8;19.14953856;536;;
2032;9;18.28753355;537;;
2032;10;15.6587643;538;;
2032;11;12.51811234;539;;
2032;12;9.683979482;540;;
2033;1;7.854122945;541;;
2033;2;6.711799776;542;;
2033;3;6.579226034;543;;
2033;4;8.401714241;544;;
2033;5;11.35784793;545;;
2033;6;15.15042726;546;;
2033;7;17.96786068;547;;
2033;8;18.8879836;548;;
2033;9;17.94263899;549;;
2033;10;15.62666575;550;;
2033;11;12.44963681;551;;
2033;12;9.67448563;552;;
2034;1;7.83875328;553;;
2034;2;6.755696292;554;;
2034;3;7.025609103;555;;
2034;4;8.668626933;556;;
2034;5;11.75048379;557;;
2034;6;15.61961371;558;;
2034;7;18.24309282;559;;
2034;8;19.07262304;560;;
2034;9;18.07099093;561;;
2034;10;15.87060469;562;;
2034;11;12.84573956;563;;
2034;12;10.20405263;564;;
2035;1;8.335652643;565;;
2035;2;7.433942508;566;;
2035;3;7.267465643;567;;
2035;4;8.494872064;568;;
2035;5;11.54138455;569;;
2035;6;14.78720959;570;;
2035;7;17.94788116;571;;
2035;8;18.93310449;572;;
2035;9;18.21412916;573;;
2035;10;15.74907568;574;;
2035;11;12.69000756;575;;
2035;12;10.06078596;576;;
2036;1;8.168088771;577;;
2036;2;6.993867013;578;;
2036;3;7.01816489;579;;
2036;4;8.556430438;580;;
2036;5;11.55970776;581;;
2036;6;15.28154169;582;;
2036;7;18.52921198;583;;
2036;8;19.42976733;584;;
2036;9;18.06710035;585;;
2036;10;15.69943263;586;;
2036;11;12.4603208;587;;
2036;12;10.00556063;588;;
2037;1;7.909747129;589;;
2037;2;6.918806449;590;;
2037;3;7.210117671;591;;
2037;4;8.577226635;592;;
2037;5;11.51666925;593;;
2037;6;15.01987238;594;;
2037;7;17.90732782;595;;
2037;8;19.25712994;596;;
2037;9;18.14934646;597;;
2037;10;15.56214445;598;;
2037;11;12.54348939;599;;
2037;12;9.72869616;600;;
2038;1;7.961950742;601;;
2038;2;6.877870007;602;;
2038;3;6.634196517;603;;
2038;4;8.267152472;604;;
2038;5;11.40738397;605;;
2038;6;14.82546192;606;;
2038;7;18.12562639;607;;
2038;8;19.17787541;608;;
2038;9;18.08233208;609;;
2038;10;15.78905924;610;;
2038;11;12.56482281;611;;
2038;12;9.57042667;612;;
2039;1;7.766202235;613;;
2039;2;6.952212923;614;;
2039;3;7.074073606;615;;
2039;4;8.706586854;616;;
2039;5;11.45134248;617;;
2039;6;14.95381322;618;;
2039;7;17.78657509;619;;
2039;8;19.18433854;620;;
2039;9;18.20952345;621;;
2039;10;15.60216126;622;;
2039;11;12.77971785;623;;
2039;12;10.09101114;624;;
2040;1;8.228107026;625;;
2040;2;7.311198168;626;;
2040;3;7.439119642;627;;
2040;4;8.838798867;628;;
2040;5;11.78980764;629;;
2040;6;15.36629213;630;;
2040;7;17.9640937;631;;
2040;8;19.16603805;632;;
2040;9;18.3765072;633;;
2040;10;15.98523275;634;;
2040;11;12.84220621;635;;
2040;12;9.810189536;636;;
2041;1;7.911781389;637;;
2041;2;6.842833319;638;;
2041;3;6.683785932;639;;
2041;4;8.320731719;640;;
2041;5;11.4167134;641;;
2041;6;15.09295894;642;;
2041;7;17.62132761;643;;
2041;8;19.09914095;644;;
2041;9;18.15401009;645;;
2041;10;15.68885743;646;;
2041;11;12.69341022;647;;
2041;12;10.11547176;648;;
2042;1;8.171999967;649;;
2042;2;7.243308498;650;;
2042;3;7.362543851;651;;
2042;4;8.742540101;652;;
2042;5;11.68667278;653;;
2042;6;15.17785669;654;;
2042;7;18.16906165;655;;
2042;8;19.5972667;656;;
2042;9;18.62923396;657;;
2042;10;16.12939214;658;;
2042;11;12.94557098;659;;
2042;12;10.05404179;660;;
2043;1;8.149023408;661;;
2043;2;7.425503415;662;;
2043;3;7.488312648;663;;
2043;4;8.889221515;664;;
2043;5;11.76228523;665;;
2043;6;15.20881699;666;;
2043;7;18.24799873;667;;
2043;8;19.71129352;668;;
2043;9;18.7305971;669;;
2043;10;16.28694053;670;;
2043;11;13.15132981;671;;
2043;12;10.22768706;672;;
2044;1;8.262146621;673;;
2044;2;7.404748429;674;;
2044;3;7.477883297;675;;
2044;4;8.735706683;676;;
2044;5;11.45524128;677;;
2044;6;15.36102349;678;;
2044;7;18.14363863;679;;
2044;8;19.51590765;680;;
2044;9;18.54966258;681;;
2044;10;15.74104141;682;;
2044;11;12.71534784;683;;
2044;12;9.99506543;684;;
2045;1;8.042538047;685;;
2045;2;6.922013829;686;;
2045;3;7.058166452;687;;
2045;4;8.823705612;688;;
2045;5;11.64310977;689;;
2045;6;15.2445567;690;;
2045;7;17.91484894;691;;
2045;8;19.65344903;692;;
2045;9;18.39660332;693;;
2045;10;16.00483955;694;;
2045;11;12.90766474;695;;
2045;12;9.889554961;696;;
2046;1;8.050514434;697;;
2046;2;7.512032328;698;;
2046;3;7.684383549;699;;
2046;4;8.876718355;700;;
2046;5;11.60734248;701;;
2046;6;15.22254722;702;;
2046;7;18.29430463;703;;
2046;8;19.02897041;704;;
2046;9;18.29762586;705;;
2046;10;15.98940423;706;;
2046;11;12.96561219;707;;
2046;12;10.13505909;708;;
2047;1;8.145836439;709;;
2047;2;7.361162633;710;;
2047;3;7.35963843;711;;
2047;4;8.954684178;712;;
2047;5;12.00647321;713;;
2047;6;15.17674175;714;;
2047;7;18.20365249;715;;
2047;8;19.27833185;716;;
2047;9;18.37437642;717;;
2047;10;15.97745967;718;;
2047;11;12.81214517;719;;
2047;12;9.945774788;720;;
2048;1;8.250353811;721;;
2048;2;7.442138138;722;;
2048;3;7.481158597;723;;
2048;4;9.118110755;724;;
2048;5;11.70952206;725;;
2048;6;15.59866045;726;;
2048;7;18.54413459;727;;
2048;8;19.47596996;728;;
2048;9;18.28849475;729;;
2048;10;16.32643869;730;;
2048;11;13.05746308;731;;
2048;12;10.08322036;732;;
2049;1;8.256070427;733;;
2049;2;7.343693923;734;;
2049;3;7.586607848;735;;
2049;4;9.188372745;736;;
2049;5;12.17360343;737;;
2049;6;15.6538044;738;;
2049;7;18.39738388;739;;
2049;8;19.71880249;740;;
2049;9;18.37289366;741;;
2049;10;16.14088101;742;;
2049;11;13.02950888;743;;
2049;12;10.25001138;744;;
2050;1;8.187107162;745;;
2050;2;7.381939937;746;;
2050;3;7.605868211;747;;
2050;4;8.944167258;748;;
2050;5;11.56237688;749;;
2050;6;15.36316368;750;;
2050;7;18.1028852;751;;
2050;8;19.31318716;752;;
2050;9;18.32126518;753;;
2050;10;15.99262676;754;;
2050;11;12.92879673;755;;
2050;12;10.25323998;756;;
2051;1;8.354858516;757;;
2051;2;7.444247116;758;;
2051;3;7.498640442;759;;
2051;4;9.058208118;760;;
2051;5;11.98417784;761;;
2051;6;15.24862604;762;;
2051;7;18.30809931;763;;
2051;8;19.65983501;764;;
2051;9;18.85835261;765;;
2051;10;16.19166641;766;;
2051;11;12.97603472;767;;
2051;12;10.11274472;768;;
2052;1;8.137403492;769;;
2052;2;7.310581993;770;;
2052;3;7.424786224;771;;
2052;4;8.988719652;772;;
2052;5;11.90525067;773;;
2052;6;15.35043081;774;;
2052;7;18.43968247;775;;
2052;8;19.91376835;776;;
2052;9;18.51216479;777;;
2052;10;15.99327775;778;;
2052;11;12.76223728;779;;
2052;12;9.898201051;780;;
2053;1;7.928916514;781;;
2053;2;7.119586905;782;;
2053;3;7.475405929;783;;
2053;4;9.255377552;784;;
2053;5;12.33653444;785;;
2053;6;15.86370879;786;;
2053;7;18.68093034;787;;
2053;8;19.823736;788;;
2053;9;18.80577065;789;;
2053;10;16.01065025;790;;
2053;11;12.92491262;791;;
2053;12;10.14477142;792;;
2054;1;8.017765971;793;;
2054;2;6.961749756;794;;
2054;3;7.041593467;795;;
2054;4;8.46198131;796;;
2054;5;11.43346457;797;;
2054;6;15.53848106;798;;
2054;7;18.82956301;799;;
2054;8;19.46099918;800;;
2054;9;18.3215036;801;;
2054;10;15.93144344;802;;
2054;11;12.83364109;803;;
2054;12;10.036056;804;;
2055;1;8.101501238;805;;
2055;2;7.042195632;806;;
2055;3;7.329966771;807;;
2055;4;9.056607761;808;;
2055;5;11.84394824;809;;
2055;6;15.27984415;810;;
2055;7;18.59484699;811;;
2055;8;20.09080097;812;;
2055;9;18.8217079;813;;
2055;10;16.33868575;814;;
2055;11;13.24653763;815;;
2055;12;10.40919133;816;;
2056;1;8.156534533;817;;
2056;2;7.425267578;818;;
2056;3;7.44850106;819;;
2056;4;8.836542663;820;;
2056;5;11.47083479;821;;
2056;6;15.68413256;822;;
2056;7;18.80300375;823;;
2056;8;19.99587686;824;;
2056;9;18.6680972;825;;
2056;10;16.22210278;826;;
2056;11;12.97512251;827;;
2056;12;9.98993442;828;;
2057;1;8.170748194;829;;
2057;2;7.007768213;830;;
2057;3;7.173924936;831;;
2057;4;8.87002092;832;;
2057;5;11.58570469;833;;
2057;6;15.30767203;834;;
2057;7;18.64114535;835;;
2057;8;19.60343433;836;;
2057;9;18.57132858;837;;
2057;10;16.13843705;838;;
2057;11;12.92349384;839;;
2057;12;9.991882185;840;;
2058;1;8.284079129;841;;
2058;2;7.493983214;842;;
2058;3;7.569067346;843;;
2058;4;9.234452407;844;;
2058;5;12.02377234;845;;
2058;6;15.84714991;846;;
2058;7;18.81894153;847;;
2058;8;20.09440456;848;;
2058;9;19.02673194;849;;
2058;10;16.46054345;850;;
2058;11;13.42663688;851;;
2058;12;10.64876753;852;;
2059;1;8.614739381;853;;
2059;2;7.507853556;854;;
2059;3;7.465772863;855;;
2059;4;9.005145682;856;;
2059;5;11.75173023;857;;
2059;6;15.505068;858;;
2059;7;18.56524389;859;;
2059;8;19.83744616;860;;
2059;9;18.63619052;861;;
2059;10;16.23139803;862;;
2059;11;13.16026351;863;;
2059;12;10.35650779;864;;
2060;1;8.641480183;865;;
2060;2;7.822271519;866;;
2060;3;7.924777979;867;;
2060;4;9.232327915;868;;
2060;5;12.01973309;869;;
2060;6;15.71205238;870;;
2060;7;18.61768251;871;;
2060;8;19.82534537;872;;
2060;9;19.15670788;873;;
2060;10;16.65221774;874;;
2060;11;13.30095584;875;;
2060;12;10.55074146;876;;
2061;1;8.633455611;877;;
2061;2;7.602429676;878;;
2061;3;7.629267875;879;;
2061;4;9.167889393;880;;
2061;5;12.05582957;881;;
2061;6;16.21558132;882;;
2061;7;18.84200165;883;;
2061;8;19.98288776;884;;
2061;9;18.90460328;885;;
2061;10;16.51914691;886;;
2061;11;13.39479357;887;;
2061;12;10.3783932;888;;
2062;1;8.287498796;889;;
2062;2;7.478021677;890;;
2062;3;7.526925749;891;;
2062;4;8.967762589;892;;
2062;5;11.77374061;893;;
2062;6;15.53362196;894;;
2062;7;18.98258731;895;;
2062;8;20.05155704;896;;
2062;9;18.92895907;897;;
2062;10;16.41418706;898;;
2062;11;13.17024822;899;;
2062;12;10.27284647;900;;
2063;1;8.522437561;901;;
2063;2;7.660666494;902;;
2063;3;7.56720298;903;;
2063;4;9.001032265;904;;
2063;5;11.89848187;905;;
2063;6;15.59721582;906;;
2063;7;18.48968379;907;;
2063;8;19.75512613;908;;
2063;9;18.97790703;909;;
2063;10;16.19275771;910;;
2063;11;13.12781436;911;;
2063;12;10.45222549;912;;
2064;1;8.520431209;913;;
2064;2;7.438628571;914;;
2064;3;7.354103318;915;;
2064;4;9.094526453;916;;
2064;5;11.95496593;917;;
2064;6;15.65774269;918;;
2064;7;18.81115173;919;;
2064;8;19.95198364;920;;
2064;9;18.67530275;921;;
2064;10;16.29306617;922;;
2064;11;13.2644262;923;;
2064;12;10.61094811;924;;
2065;1;8.444170351;925;;
2065;2;7.321531758;926;;
2065;3;7.395505145;927;;
2065;4;8.737194219;928;;
2065;5;11.7920837;929;;
2065;6;15.73480707;930;;
2065;7;18.71176454;931;;
2065;8;19.74014246;932;;
2065;9;18.6348273;933;;
2065;10;16.42068733;934;;
2065;11;13.28749933;935;;
2065;12;10.58198221;936;;
2066;1;8.619402024;937;;
2066;2;7.574509461;938;;
2066;3;7.889103825;939;;
2066;4;9.411624802;940;;
2066;5;12.18246033;941;;
2066;6;16.23636905;942;;
2066;7;19.04217847;943;;
2066;8;20.13476424;944;;
2066;9;19.07251079;945;;
2066;10;16.30670323;946;;
2066;11;13.21774816;947;;
2066;12;10.49310306;948;;
2067;1;8.689885357;949;;
2067;2;7.715476365;950;;
2067;3;7.694584279;951;;
2067;4;9.267400266;952;;
2067;5;12.17380469;953;;
2067;6;15.92187338;954;;
2067;7;19.30741172;955;;
2067;8;20.42833945;956;;
2067;9;19.39941476;957;;
2067;10;16.42275738;958;;
2067;11;13.21253611;959;;
2067;12;10.38046718;960;;
2068;1;8.639394933;961;;
2068;2;7.610122681;962;;
2068;3;7.560254031;963;;
2068;4;9.062876294;964;;
2068;5;12.15641146;965;;
2068;6;15.77000282;966;;
2068;7;18.79698464;967;;
2068;8;20.05328794;968;;
2068;9;19.11178602;969;;
2068;10;16.42176473;970;;
2068;11;13.39537813;971;;
2068;12;10.65719023;972;;
2069;1;8.827982603;973;;
2069;2;7.574001656;974;;
2069;3;7.342148418;975;;
2069;4;9.019019715;976;;
2069;5;12.17571531;977;;
2069;6;15.75093132;978;;
2069;7;18.93268313;979;;
2069;8;20.43337168;980;;
2069;9;19.29522876;981;;
2069;10;16.86703417;982;;
2069;11;13.72443965;983;;
2069;12;10.91474124;984;;
2070;1;8.87642783;985;;
2070;2;7.998663089;986;;
2070;3;8.148852059;987;;
2070;4;9.701574258;988;;
2070;5;12.21974871;989;;
2070;6;16.08756919;990;;
2070;7;19.0931983;991;;
2070;8;20.11223005;992;;
2070;9;19.00933991;993;;
2070;10;16.44456713;994;;
2070;11;13.28039688;995;;
2070;12;10.58892783;996;;
2071;1;8.502944017;997;;
2071;2;7.814628008;998;;
2071;3;7.856274183;999;;
2071;4;9.607197075;1000;;
2071;5;12.42424761;1001;;
2071;6;15.98878599;1002;;
2071;7;18.76895122;1003;;
2071;8;19.92333975;1004;;
2071;9;19.03096699;1005;;
2071;10;16.56541009;1006;;
2071;11;13.37598701;1007;;
2071;12;10.55947041;1008;;
2072;1;8.600922022;1009;;
2072;2;7.736549485;1010;;
2072;3;7.755070146;1011;;
2072;4;9.215835607;1012;;
2072;5;12.41107537;1013;;
2072;6;15.62065895;1014;;
2072;7;18.76184228;1015;;
2072;8;20.36220272;1016;;
2072;9;19.2883287;1017;;
2072;10;16.73473946;1018;;
2072;11;13.49664466;1019;;
2072;12;10.4756688;1020;;
2073;1;8.739274301;1021;;
2073;2;7.874605591;1022;;
2073;3;7.711369591;1023;;
2073;4;9.324318907;1024;;
2073;5;12.52841649;1025;;
2073;6;16.13574743;1026;;
2073;7;19.08524773;1027;;
2073;8;20.24996485;1028;;
2073;9;19.21692371;1029;;
2073;10;16.89216833;1030;;
2073;11;13.70564304;1031;;
2073;12;10.63075568;1032;;
2074;1;8.749156904;1033;;
2074;2;7.943211425;1034;;
2074;3;7.772277976;1035;;
2074;4;9.239825208;1036;;
2074;5;12.39435888;1037;;
2074;6;16.05262041;1038;;
2074;7;19.1293085;1039;;
2074;8;20.46048826;1040;;
2074;9;19.27361058;1041;;
2074;10;16.77693382;1042;;
2074;11;13.74026754;1043;;
2074;12;10.75534349;1044;;
2075;1;9.099786576;1045;;
2075;2;7.891638221;1046;;
2075;3;7.716282385;1047;;
2075;4;9.30476224;1048;;
2075;5;12.22230399;1049;;
2075;6;15.59278788;1050;;
2075;7;18.8273437;1051;;
2075;8;20.3741119;1052;;
2075;9;19.56025667;1053;;
2075;10;17.0125931;1054;;
2075;11;13.70383866;1055;;
2075;12;11.01619842;1056;;
2076;1;9.082452362;1057;;
2076;2;8.336594132;1058;;
2076;3;8.291632394;1059;;
2076;4;9.677401398;1060;;
2076;5;12.61384688;1061;;
2076;6;16.5123631;1062;;
2076;7;19.48659481;1063;;
2076;8;20.7523523;1064;;
2076;9;19.4560848;1065;;
2076;10;16.78313703;1066;;
2076;11;13.72444266;1067;;
2076;12;10.91124148;1068;;
2077;1;8.98131002;1069;;
2077;2;7.642410297;1070;;
2077;3;7.610213031;1071;;
2077;4;9.439937471;1072;;
2077;5;12.38393167;1073;;
2077;6;15.71197618;1074;;
2077;7;18.84478975;1075;;
2077;8;20.22398102;1076;;
2077;9;19.03468818;1077;;
2077;10;16.90326081;1078;;
2077;11;13.80261318;1079;;
2077;12;10.69778731;1080;;
2078;1;8.783580257;1081;;
2078;2;7.764896219;1082;;
2078;3;7.778063207;1083;;
2078;4;9.5327215;1084;;
2078;5;12.64420374;1085;;
2078;6;16.12633402;1086;;
2078;7;19.31857939;1087;;
2078;8;20.61214769;1088;;
2078;9;19.49331134;1089;;
2078;10;16.93125746;1090;;
2078;11;13.71288185;1091;;
2078;12;10.66606628;1092;;
2079;1;8.955823894;1093;;
2079;2;7.925310205;1094;;
2079;3;7.939537597;1095;;
2079;4;9.480470302;1096;;
2079;5;12.55975012;1097;;
2079;6;16.26140139;1098;;
2079;7;19.13769806;1099;;
2079;8;20.30774194;1100;;
2079;9;19.31464996;1101;;
2079;10;16.9301274;1102;;
2079;11;13.62438608;1103;;
2079;12;10.97479006;1104;;
2080;1;9.216048908;1105;;
2080;2;8.081481329;1106;;
2080;3;7.876869528;1107;;
2080;4;9.509810423;1108;;
2080;5;12.83238337;1109;;
2080;6;16.47616975;1110;;
2080;7;19.67885763;1111;;
2080;8;20.80773665;1112;;
2080;9;19.6464057;1113;;
2080;10;17.13095944;1114;;
2080;11;13.99734027;1115;;
2080;12;10.86930359;1116;;
2081;1;9.03756651;1117;;
2081;2;8.043820485;1118;;
2081;3;8.069275454;1119;;
2081;4;9.530881258;1120;;
2081;5;12.50066868;1121;;
2081;6;15.77808038;1122;;
2081;7;19.11598721;1123;;
2081;8;20.4369376;1124;;
2081;9;19.44802656;1125;;
2081;10;16.98038899;1126;;
2081;11;13.87020174;1127;;
2081;12;11.10531161;1128;;
2082;1;9.184492971;1129;;
2082;2;8.216953837;1130;;
2082;3;8.140079319;1131;;
2082;4;9.584376794;1132;;
2082;5;12.50617686;1133;;
2082;6;16.42201894;1134;;
2082;7;19.54233558;1135;;
2082;8;20.59746464;1136;;
2082;9;19.48864667;1137;;
2082;10;16.81031443;1138;;
2082;11;13.7439396;1139;;
2082;12;10.65385903;1140;;
2083;1;8.904156695;1141;;
2083;2;7.997628105;1142;;
2083;3;8.310613521;1143;;
2083;4;9.715528594;1144;;
2083;5;12.81874669;1145;;
2083;6;16.22368997;1146;;
2083;7;19.36872084;1147;;
2083;8;20.74520357;1148;;
2083;9;19.8953134;1149;;
2083;10;17.3999249;1150;;
2083;11;14.00213567;1151;;
2083;12;11.01188316;1152;;
2084;1;9.101340238;1153;;
2084;2;8.090124964;1154;;
2084;3;8.114292905;1155;;
2084;4;9.409829734;1156;;
2084;5;12.32972173;1157;;
2084;6;16.2140228;1158;;
2084;7;19.39822918;1159;;
2084;8;20.54920353;1160;;
2084;9;19.50601965;1161;;
2084;10;16.89248312;1162;;
2084;11;13.74075222;1163;;
2084;12;11.02841747;1164;;
2085;1;9.286835667;1165;;
2085;2;8.351028372;1166;;
2085;3;8.466848104;1167;;
2085;4;9.804203381;1168;;
2085;5;12.62503914;1169;;
2085;6;16.44331963;1170;;
2085;7;19.57199358;1171;;
2085;8;21.12166204;1172;;
2085;9;19.66585354;1173;;
2085;10;16.92274191;1174;;
2085;11;13.75328557;1175;;
2085;12;11.08965495;1176;;
2086;1;9.40420985;1177;;
2086;2;8.52154317;1178;;
2086;3;8.374449736;1179;;
2086;4;9.810663249;1180;;
2086;5;12.80035853;1181;;
2086;6;16.45002217;1182;;
2086;7;19.67504861;1183;;
2086;8;20.84230669;1184;;
2086;9;19.75446298;1185;;
2086;10;17.48607642;1186;;
2086;11;14.21664186;1187;;
2086;12;11.38513519;1188;;
2087;1;9.381520132;1189;;
2087;2;8.137859986;1190;;
2087;3;8.21860749;1191;;
2087;4;9.707845486;1192;;
2087;5;12.34894536;1193;;
2087;6;16.19299086;1194;;
2087;7;19.50949407;1195;;
2087;8;20.93964752;1196;;
2087;9;19.73838993;1197;;
2087;10;17.41748202;1198;;
2087;11;14.2465364;1199;;
2087;12;11.29583554;1200;;
2088;1;9.39922533;1201;;
2088;2;8.487298712;1202;;
2088;3;8.483911536;1203;;
2088;4;9.848525686;1204;;
2088;5;12.91917359;1205;;
2088;6;16.54736153;1206;;
2088;7;19.73460938;1207;;
2088;8;21.03582931;1208;;
2088;9;20.05215712;1209;;
2088;10;17.83456841;1210;;
2088;11;14.67502956;1211;;
2088;12;11.44913574;1212;;
2089;1;9.272575906;1213;;
2089;2;8.345925162;1214;;
2089;3;8.589447287;1215;;
2089;4;10.25780981;1216;;
2089;5;13.03529648;1217;;
2089;6;16.75794207;1218;;
2089;7;19.89442901;1219;;
2089;8;21.27250994;1220;;
2089;9;20.26981032;1221;;
2089;10;17.90852076;1222;;
2089;11;14.58359152;1223;;
2089;12;11.50035914;1224;;
2090;1;9.683356211;1225;;
2090;2;8.580861684;1226;;
2090;3;8.624626088;1227;;
2090;4;9.940740451;1228;;
2090;5;13.01207128;1229;;
2090;6;16.60724581;1230;;
2090;7;20.06919994;1231;;
2090;8;20.85023536;1232;;
2090;9;19.86138509;1233;;
2090;10;17.3684301;1234;;
2090;11;14.28099822;1235;;
2090;12;11.24013577;1236;;
2091;1;9.137954356;1237;;
2091;2;8.25182774;1238;;
2091;3;8.643861228;1239;;
2091;4;9.876099707;1240;;
2091;5;12.87940856;1241;;
2091;6;16.61469461;1242;;
2091;7;19.69109162;1243;;
2091;8;21.27456661;1244;;
2091;9;19.87395165;1245;;
2091;10;17.62805501;1246;;
2091;11;14.44686009;1247;;
2091;12;11.22594249;1248;;
2092;1;9.187381966;1249;;
2092;2;8.506838473;1250;;
2092;3;8.61650574;1251;;
2092;4;10.31436657;1252;;
2092;5;12.8132353;1253;;
2092;6;16.62621739;1254;;
2092;7;19.94762995;1255;;
2092;8;21.09142392;1256;;
2092;9;20.07418296;1257;;
2092;10;17.63818673;1258;;
2092;11;14.2519456;1259;;
2092;12;11.17658984;1260;;
2093;1;9.332817954;1261;;
2093;2;8.309371118;1262;;
2093;3;8.487483103;1263;;
2093;4;10.14191248;1264;;
2093;5;13.29516526;1265;;
2093;6;17.07258403;1266;;
2093;7;20.32534114;1267;;
2093;8;21.45732545;1268;;
2093;9;20.53167512;1269;;
2093;10;17.8042903;1270;;
2093;11;14.52004897;1271;;
2093;12;11.79482792;1272;;
2094;1;9.875914343;1273;;
2094;2;8.977450247;1274;;
2094;3;8.821299144;1275;;
2094;4;9.966235893;1276;;
2094;5;12.76567031;1277;;
2094;6;16.78663375;1278;;
2094;7;20.04875757;1279;;
2094;8;21.33401763;1280;;
2094;9;20.06913707;1281;;
2094;10;17.57544002;1282;;
2094;11;14.33554871;1283;;
2094;12;11.56050388;1284;;
2095;1;9.542055909;1285;;
2095;2;8.535160746;1286;;
2095;3;8.493422109;1287;;
2095;4;10.0991501;1288;;
2095;5;12.73956819;1289;;
2095;6;16.68110297;1290;;
2095;7;19.80905412;1291;;
2095;8;21.33692841;1292;;
2095;9;20.15658435;1293;;
2095;10;17.86502487;1294;;
2095;11;14.62022349;1295;;
2095;12;11.6769653;1296;;
2096;1;9.759639119;1297;;
2096;2;8.846401254;1298;;
2096;3;8.91005105;1299;;
2096;4;10.26456385;1300;;
2096;5;13.37399681;1301;;
2096;6;17.15345441;1302;;
2096;7;20.27048853;1303;;
2096;8;21.7154621;1304;;
2096;9;20.39606585;1305;;
2096;10;17.82745123;1306;;
2096;11;14.60857449;1307;;
2096;12;11.60846558;1308;;
2097;1;9.397492502;1309;;
2097;2;8.444815667;1310;;
2097;3;8.556712913;1311;;
2097;4;10.19425431;1312;;
2097;5;13.10050644;1313;;
2097;6;17.40529136;1314;;
2097;7;20.36311001;1315;;
2097;8;21.66489579;1316;;
2097;9;20.40095928;1317;;
2097;10;17.79910999;1318;;
2097;11;14.52248172;1319;;
2097;12;11.76744591;1320;;
2098;1;9.776628289;1321;;
2098;2;8.885979257;1322;;
2098;3;8.79678045;1323;;
2098;4;10.44108367;1324;;
2098;5;13.27996005;1325;;
2098;6;16.7983265;1326;;
2098;7;20.1000691;1327;;
2098;8;21.61818845;1328;;
2098;9;20.80025798;1329;;
2098;10;18.11192551;1330;;
2098;11;14.94766457;1331;;
2098;12;12.06885361;1332;;
2099;1;9.977179209;1333;;
2099;2;8.815636952;1334;;
2099;3;8.772225575;1335;;
2099;4;10.24414296;1336;;
2099;5;13.34663817;1337;;
2099;6;17.45734298;1338;;
2099;7;20.47671324;1339;;
2099;8;21.58788973;1340;;
2099;9;20.3818863;1341;;
2099;10;17.98264268;1342;;
2099;11;14.82256148;1343;;
2099;12;11.65727237;1344;;
2100;1;9.710197689;1345;;
2100;2;8.701345795;1346;;
2100;3;8.733827376;1347;;
2100;4;10.22480021;1348;;
2100;5;13.16153016;1349;;
2100;6;17.13229984;1350;;
2100;7;20.37256758;1351;;
2100;8;22.13493122;1352;;
2100;9;20.65587341;1353;;
2100;10;18.19266678;1354;;
2100;11;14.80467283;1355;;
2100;12;11.83702785;1356;;
